VARIANT,EFFECT,VALUES,VALUES_corrected,RANGE
"CBL,c.1096-2A>T",CONSEQUENCE,1,1.0,SPLICE
"CBL,c.1096-2A>T",SpliceAI_AG,,0.0,No impact
"CBL,c.1096-2A>T",SpliceAI_AL,99,99.0,High
"CBL,c.1096-2A>T",SpliceAI_DG,,0.0,No impact
"CBL,c.1096-2A>T",SpliceAI_DL,,0.0,No impact
"CBL,c.1096-2A>T",MaxEntScan_AG,,0.0,No impact
"CBL,c.1096-2A>T",MaxEntScan_AL,-3.63,-3.63,High
"CBL,c.1096-2A>T",MaxEntScan_DG,,0.0,No impact
"CBL,c.1096-2A>T",MaxEntScan_DL,,1000.0,No impact
"CBL,c.1096-1G>C",CONSEQUENCE,1,1.0,SPLICE
"CBL,c.1096-1G>C",SpliceAI_AG,,0.0,No impact
"CBL,c.1096-1G>C",SpliceAI_AL,99,99.0,High
"CBL,c.1096-1G>C",SpliceAI_DG,,0.0,No impact
"CBL,c.1096-1G>C",SpliceAI_DL,,0.0,No impact
"CBL,c.1096-1G>C",MaxEntScan_AG,,0.0,No impact
"CBL,c.1096-1G>C",MaxEntScan_AL,-3.33,-3.33,High
"CBL,c.1096-1G>C",MaxEntScan_DG,,0.0,No impact
"CBL,c.1096-1G>C",MaxEntScan_DL,,1000.0,No impact
"CBL,c.1228-1G>A",CONSEQUENCE,1,1.0,SPLICE
"CBL,c.1228-1G>A",SpliceAI_AG,86,86.0,High
"CBL,c.1228-1G>A",SpliceAI_AL,100,100.0,High
"CBL,c.1228-1G>A",SpliceAI_DG,,0.0,No impact
"CBL,c.1228-1G>A",SpliceAI_DL,,0.0,No impact
"CBL,c.1228-1G>A",MaxEntScan_AG,3.90,3.9,Low
"CBL,c.1228-1G>A",MaxEntScan_AL,1.91,1.91,High
"CBL,c.1228-1G>A",MaxEntScan_DG,,0.0,No impact
"CBL,c.1228-1G>A",MaxEntScan_DL,,1000.0,No impact
"CREBBP,c.4134-1G>A",CONSEQUENCE,1,1.0,SPLICE
"CREBBP,c.4134-1G>A",SpliceAI_AG,,0.0,No impact
"CREBBP,c.4134-1G>A",SpliceAI_AL,98,98.0,High
"CREBBP,c.4134-1G>A",SpliceAI_DG,,0.0,No impact
"CREBBP,c.4134-1G>A",SpliceAI_DL,,0.0,No impact
"CREBBP,c.4134-1G>A",MaxEntScan_AG,5.00,5.0,Low
"CREBBP,c.4134-1G>A",MaxEntScan_AL,2.67,2.67,High
"CREBBP,c.4134-1G>A",MaxEntScan_DG,,0.0,No impact
"CREBBP,c.4134-1G>A",MaxEntScan_DL,,1000.0,No impact
"CREBBP,c.1216+5G>A",CONSEQUENCE,1,1.0,SPLICE
"CREBBP,c.1216+5G>A",SpliceAI_AG,,0.0,No impact
"CREBBP,c.1216+5G>A",SpliceAI_AL,,0.0,No impact
"CREBBP,c.1216+5G>A",SpliceAI_DG,,0.0,No impact
"CREBBP,c.1216+5G>A",SpliceAI_DL,,0.0,No impact
"CREBBP,c.1216+5G>A",MaxEntScan_AG,,0.0,No impact
"CREBBP,c.1216+5G>A",MaxEntScan_AL,,1000.0,No impact
"CREBBP,c.1216+5G>A",MaxEntScan_DG,,0.0,No impact
"CREBBP,c.1216+5G>A",MaxEntScan_DL,8.88,8.88,Low
"CREBBP,c.2283+1G>A",CONSEQUENCE,1,1.0,SPLICE
"CREBBP,c.2283+1G>A",SpliceAI_AG,,0.0,No impact
"CREBBP,c.2283+1G>A",SpliceAI_AL,,0.0,No impact
"CREBBP,c.2283+1G>A",SpliceAI_DG,,0.0,No impact
"CREBBP,c.2283+1G>A",SpliceAI_DL,99,99.0,High
"CREBBP,c.2283+1G>A",MaxEntScan_AG,,0.0,No impact
"CREBBP,c.2283+1G>A",MaxEntScan_AL,,1000.0,No impact
"CREBBP,c.2283+1G>A",MaxEntScan_DG,,0.0,No impact
"CREBBP,c.2283+1G>A",MaxEntScan_DL,1.47,1.47,High
"CUX1,c.1563+1G>A",CONSEQUENCE,1,1.0,SPLICE
"CUX1,c.1563+1G>A",SpliceAI_AG,,0.0,No impact
"CUX1,c.1563+1G>A",SpliceAI_AL,,0.0,No impact
"CUX1,c.1563+1G>A",SpliceAI_DG,,0.0,No impact
"CUX1,c.1563+1G>A",SpliceAI_DL,92,92.0,High
"CUX1,c.1563+1G>A",MaxEntScan_AG,,0.0,No impact
"CUX1,c.1563+1G>A",MaxEntScan_AL,,1000.0,No impact
"CUX1,c.1563+1G>A",MaxEntScan_DG,,0.0,No impact
"CUX1,c.1563+1G>A",MaxEntScan_DL,0.38,0.38,High
"DNMT3A,c.2479-1G>T",CONSEQUENCE,1,1.0,SPLICE
"DNMT3A,c.2479-1G>T",SpliceAI_AG,27,27.0,Low
"DNMT3A,c.2479-1G>T",SpliceAI_AL,99,99.0,High
"DNMT3A,c.2479-1G>T",SpliceAI_DG,,0.0,No impact
"DNMT3A,c.2479-1G>T",SpliceAI_DL,,0.0,No impact
"DNMT3A,c.2479-1G>T",MaxEntScan_AG,9.09,9.09,High
"DNMT3A,c.2479-1G>T",MaxEntScan_AL,0.45,0.45,High
"DNMT3A,c.2479-1G>T",MaxEntScan_DG,,0.0,No impact
"DNMT3A,c.2479-1G>T",MaxEntScan_DL,,1000.0,No impact
"DNMT3A,c.2479-2A>G",CONSEQUENCE,1,1.0,SPLICE
"DNMT3A,c.2479-2A>G",SpliceAI_AG,25,25.0,Low
"DNMT3A,c.2479-2A>G",SpliceAI_AL,99,99.0,High
"DNMT3A,c.2479-2A>G",SpliceAI_DG,,0.0,No impact
"DNMT3A,c.2479-2A>G",SpliceAI_DL,,0.0,No impact
"DNMT3A,c.2479-2A>G",MaxEntScan_AG,6.51,6.51,Intermediate
"DNMT3A,c.2479-2A>G",MaxEntScan_AL,1.1,1.1,High
"DNMT3A,c.2479-2A>G",MaxEntScan_DG,,0.0,No impact
"DNMT3A,c.2479-2A>G",MaxEntScan_DL,,1000.0,No impact
"DNMT3A,c.2408+5G>A",CONSEQUENCE,1,1.0,SPLICE
"DNMT3A,c.2408+5G>A",SpliceAI_AG,,0.0,No impact
"DNMT3A,c.2408+5G>A",SpliceAI_AL,,0.0,No impact
"DNMT3A,c.2408+5G>A",SpliceAI_DG,35,35.0,Low
"DNMT3A,c.2408+5G>A",SpliceAI_DL,60,60.0,Intermediate
"DNMT3A,c.2408+5G>A",MaxEntScan_AG,,0.0,No impact
"DNMT3A,c.2408+5G>A",MaxEntScan_AL,,1000.0,No impact
"DNMT3A,c.2408+5G>A",MaxEntScan_DG,,0.0,No impact
"DNMT3A,c.2408+5G>A",MaxEntScan_DL,3.82,3.82,High
"DNMT3A,c.1667+1G>A",CONSEQUENCE,1,1.0,SPLICE
"DNMT3A,c.1667+1G>A",SpliceAI_AG,,0.0,No impact
"DNMT3A,c.1667+1G>A",SpliceAI_AL,,0.0,No impact
"DNMT3A,c.1667+1G>A",SpliceAI_DG,27,27.0,Low
"DNMT3A,c.1667+1G>A",SpliceAI_DL,100,100.0,High
"DNMT3A,c.1667+1G>A",MaxEntScan_AG,,0.0,No impact
"DNMT3A,c.1667+1G>A",MaxEntScan_AL,,1000.0,No impact
"DNMT3A,c.1667+1G>A",MaxEntScan_DG,,0.0,No impact
"DNMT3A,c.1667+1G>A",MaxEntScan_DL,1.89,1.89,High
"DNMT3A,c.1429+2T>C",CONSEQUENCE,1,1.0,SPLICE
"DNMT3A,c.1429+2T>C",SpliceAI_AG,,0.0,No impact
"DNMT3A,c.1429+2T>C",SpliceAI_AL,,0.0,No impact
"DNMT3A,c.1429+2T>C",SpliceAI_DG,,0.0,No impact
"DNMT3A,c.1429+2T>C",SpliceAI_DL,99,99.0,High
"DNMT3A,c.1429+2T>C",MaxEntScan_AG,,0.0,No impact
"DNMT3A,c.1429+2T>C",MaxEntScan_AL,,1000.0,No impact
"DNMT3A,c.1429+2T>C",MaxEntScan_DG,,0.0,No impact
"DNMT3A,c.1429+2T>C",MaxEntScan_DL,-1.97,-1.97,High
"EP300,c.3502-1G>T",CONSEQUENCE,1,1.0,SPLICE
"EP300,c.3502-1G>T",SpliceAI_AG,95,95.0,High
"EP300,c.3502-1G>T",SpliceAI_AL,100,100.0,High
"EP300,c.3502-1G>T",SpliceAI_DG,,0.0,No impact
"EP300,c.3502-1G>T",SpliceAI_DL,,0.0,No impact
"EP300,c.3502-1G>T",MaxEntScan_AG,7.48,7.48,Intermediate
"EP300,c.3502-1G>T",MaxEntScan_AL,0.14,0.14,High
"EP300,c.3502-1G>T",MaxEntScan_DG,,0.0,No impact
"EP300,c.3502-1G>T",MaxEntScan_DL,,1000.0,No impact
"EP300,c.4453-2A>T",CONSEQUENCE,1,1.0,SPLICE
"EP300,c.4453-2A>T",SpliceAI_AG,68,68.0,Intermediate
"EP300,c.4453-2A>T",SpliceAI_AL,100,100.0,High
"EP300,c.4453-2A>T",SpliceAI_DG,,0.0,No impact
"EP300,c.4453-2A>T",SpliceAI_DL,,0.0,No impact
"EP300,c.4453-2A>T",MaxEntScan_AG,,0.0,No impact
"EP300,c.4453-2A>T",MaxEntScan_AL,-1.69,-1.69,High
"EP300,c.4453-2A>T",MaxEntScan_DG,,0.0,No impact
"EP300,c.4453-2A>T",MaxEntScan_DL,,1000.0,No impact
"EP300,c.2241+5G>A",CONSEQUENCE,1,1.0,SPLICE
"EP300,c.2241+5G>A",SpliceAI_AG,,0.0,No impact
"EP300,c.2241+5G>A",SpliceAI_AL,,0.0,No impact
"EP300,c.2241+5G>A",SpliceAI_DG,82,82.0,High
"EP300,c.2241+5G>A",SpliceAI_DL,81,81.0,High
"EP300,c.2241+5G>A",MaxEntScan_AG,,0.0,No impact
"EP300,c.2241+5G>A",MaxEntScan_AL,,1000.0,No impact
"EP300,c.2241+5G>A",MaxEntScan_DG,,0.0,No impact
"EP300,c.2241+5G>A",MaxEntScan_DL,0.85,0.85,High
"EP300,c.2997+5G>A",CONSEQUENCE,1,1.0,SPLICE
"EP300,c.2997+5G>A",SpliceAI_AG,,0.0,No impact
"EP300,c.2997+5G>A",SpliceAI_AL,,0.0,No impact
"EP300,c.2997+5G>A",SpliceAI_DG,76,76.0,Intermediate
"EP300,c.2997+5G>A",SpliceAI_DL,,0.0,No impact
"EP300,c.2997+5G>A",MaxEntScan_AG,,0.0,No impact
"EP300,c.2997+5G>A",MaxEntScan_AL,,1000.0,No impact
"EP300,c.2997+5G>A",MaxEntScan_DG,,0.0,No impact
"EP300,c.2997+5G>A",MaxEntScan_DL,2.91,2.91,High
"ETV6,c.329-1G>T",CONSEQUENCE,1,1.0,SPLICE
"ETV6,c.329-1G>T",SpliceAI_AG,,0.0,No impact
"ETV6,c.329-1G>T",SpliceAI_AL,100,100.0,High
"ETV6,c.329-1G>T",SpliceAI_DG,,0.0,No impact
"ETV6,c.329-1G>T",SpliceAI_DL,,0.0,No impact
"ETV6,c.329-1G>T",MaxEntScan_AG,,0.0,No impact
"ETV6,c.329-1G>T",MaxEntScan_AL,5.08,5.08,High
"ETV6,c.329-1G>T",MaxEntScan_DG,,0.0,No impact
"ETV6,c.329-1G>T",MaxEntScan_DL,,1000.0,No impact
"KMT2D,c.1112+1G>A",CONSEQUENCE,1,1.0,SPLICE
"KMT2D,c.1112+1G>A",SpliceAI_AG,,0.0,No impact
"KMT2D,c.1112+1G>A",SpliceAI_AL,,0.0,No impact
"KMT2D,c.1112+1G>A",SpliceAI_DG,80,80.0,High
"KMT2D,c.1112+1G>A",SpliceAI_DL,99,99.0,High
"KMT2D,c.1112+1G>A",MaxEntScan_AG,,0.0,No impact
"KMT2D,c.1112+1G>A",MaxEntScan_AL,,1000.0,No impact
"KMT2D,c.1112+1G>A",MaxEntScan_DG,,0.0,No impact
"KMT2D,c.1112+1G>A",MaxEntScan_DL,2.68,2.68,High
"PHF6,c.241-1G>A",CONSEQUENCE,1,1.0,SPLICE
"PHF6,c.241-1G>A",SpliceAI_AG,,0.0,No impact
"PHF6,c.241-1G>A",SpliceAI_AL,100,100.0,High
"PHF6,c.241-1G>A",SpliceAI_DG,,0.0,No impact
"PHF6,c.241-1G>A",SpliceAI_DL,,0.0,No impact
"PHF6,c.241-1G>A",MaxEntScan_AG,,0.0,No impact
"PHF6,c.241-1G>A",MaxEntScan_AL,-0.25,-0.25,High
"PHF6,c.241-1G>A",MaxEntScan_DG,,0.0,No impact
"PHF6,c.241-1G>A",MaxEntScan_DL,,1000.0,No impact
"PHF6,c.375-2A>T",CONSEQUENCE,1,1.0,SPLICE
"PHF6,c.375-2A>T",SpliceAI_AG,,0.0,No impact
"PHF6,c.375-2A>T",SpliceAI_AL,99,99.0,High
"PHF6,c.375-2A>T",SpliceAI_DG,,0.0,No impact
"PHF6,c.375-2A>T",SpliceAI_DL,,0.0,No impact
"PHF6,c.375-2A>T",MaxEntScan_AG,,0.0,No impact
"PHF6,c.375-2A>T",MaxEntScan_AL,-0.24,-0.24,High
"PHF6,c.375-2A>T",MaxEntScan_DG,,0.0,No impact
"PHF6,c.375-2A>T",MaxEntScan_DL,,1000.0,No impact
"PHF6,c.586-2A>G",CONSEQUENCE,1,1.0,SPLICE
"PHF6,c.586-2A>G",SpliceAI_AG,68,68.0,Intermediate
"PHF6,c.586-2A>G",SpliceAI_AL,99,99.0,High
"PHF6,c.586-2A>G",SpliceAI_DG,,0.0,No impact
"PHF6,c.586-2A>G",SpliceAI_DL,,0.0,No impact
"PHF6,c.586-2A>G",MaxEntScan_AG,,0.0,No impact
"PHF6,c.586-2A>G",MaxEntScan_AL,2.81,2.81,High
"PHF6,c.586-2A>G",MaxEntScan_DG,,0.0,No impact
"PHF6,c.586-2A>G",MaxEntScan_DL,,1000.0,No impact
"PHF6,c.730-2A>G",CONSEQUENCE,1,1.0,SPLICE
"PHF6,c.730-2A>G",SpliceAI_AG,93,93.0,High
"PHF6,c.730-2A>G",SpliceAI_AL,100,100.0,High
"PHF6,c.730-2A>G",SpliceAI_DG,,0.0,No impact
"PHF6,c.730-2A>G",SpliceAI_DL,,0.0,No impact
"PHF6,c.730-2A>G",MaxEntScan_AG,,0.0,No impact
"PHF6,c.730-2A>G",MaxEntScan_AL,1.73,1.73,High
"PHF6,c.730-2A>G",MaxEntScan_DG,,0.0,No impact
"PHF6,c.730-2A>G",MaxEntScan_DL,,1000.0,No impact
"PHF6,c.969-2A>G",CONSEQUENCE,1,1.0,SPLICE
"PHF6,c.969-2A>G",SpliceAI_AG,,0.0,No impact
"PHF6,c.969-2A>G",SpliceAI_AL,91,91.0,High
"PHF6,c.969-2A>G",SpliceAI_DG,,0.0,No impact
"PHF6,c.969-2A>G",SpliceAI_DL,,0.0,No impact
"PHF6,c.969-2A>G",MaxEntScan_AG,,0.0,No impact
"PHF6,c.969-2A>G",MaxEntScan_AL,1.47,1.47,High
"PHF6,c.969-2A>G",MaxEntScan_DG,,0.0,No impact
"PHF6,c.969-2A>G",MaxEntScan_DL,,1000.0,No impact
"PHF6,c.585+5G>A",CONSEQUENCE,1,1.0,SPLICE
"PHF6,c.585+5G>A",SpliceAI_AG,,0.0,No impact
"PHF6,c.585+5G>A",SpliceAI_AL,,0.0,No impact
"PHF6,c.585+5G>A",SpliceAI_DG,,0.0,No impact
"PHF6,c.585+5G>A",SpliceAI_DL,81,81.0,High
"PHF6,c.585+5G>A",MaxEntScan_AG,,0.0,No impact
"PHF6,c.585+5G>A",MaxEntScan_AL,,1000.0,No impact
"PHF6,c.585+5G>A",MaxEntScan_DG,,0.0,No impact
"PHF6,c.585+5G>A",MaxEntScan_DL,-0.49,-0.49,High
"PHF6,c.834+2T>A",CONSEQUENCE,1,1.0,SPLICE
"PHF6,c.834+2T>A",SpliceAI_AG,,0.0,No impact
"PHF6,c.834+2T>A",SpliceAI_AL,,0.0,No impact
"PHF6,c.834+2T>A",SpliceAI_DG,,0.0,No impact
"PHF6,c.834+2T>A",SpliceAI_DL,100,100.0,High
"PHF6,c.834+2T>A",MaxEntScan_AG,,0.0,No impact
"PHF6,c.834+2T>A",MaxEntScan_AL,,1000.0,No impact
"PHF6,c.834+2T>A",MaxEntScan_DG,,0.0,No impact
"PHF6,c.834+2T>A",MaxEntScan_DL,-5321,-5321,High
"RAD21,c.1322-1G>A",CONSEQUENCE,1,1.0,SPLICE
"RAD21,c.1322-1G>A",SpliceAI_AG,34,34.0,Low
"RAD21,c.1322-1G>A",SpliceAI_AL,99,99.0,High
"RAD21,c.1322-1G>A",SpliceAI_DG,,0.0,No impact
"RAD21,c.1322-1G>A",SpliceAI_DL,,0.0,No impact
"RAD21,c.1322-1G>A",MaxEntScan_AG,,0.0,No impact
"RAD21,c.1322-1G>A",MaxEntScan_AL,-3.38,-3.38,High
"RAD21,c.1322-1G>A",MaxEntScan_DG,,0.0,No impact
"RAD21,c.1322-1G>A",MaxEntScan_DL,,1000.0,No impact
"RAD21,c.688+5G>T",CONSEQUENCE,1,1.0,SPLICE
"RAD21,c.688+5G>T",SpliceAI_AG,,0.0,No impact
"RAD21,c.688+5G>T",SpliceAI_AL,,0.0,No impact
"RAD21,c.688+5G>T",SpliceAI_DG,,0.0,No impact
"RAD21,c.688+5G>T",SpliceAI_DL,,0.0,No impact
"RAD21,c.688+5G>T",MaxEntScan_AG,,0.0,No impact
"RAD21,c.688+5G>T",MaxEntScan_AL,,1000.0,No impact
"RAD21,c.688+5G>T",MaxEntScan_DG,,0.0,No impact
"RAD21,c.688+5G>T",MaxEntScan_DL,5.39,5.39,High
"RAD21,c.688+5G>A",CONSEQUENCE,1,1.0,SPLICE
"RAD21,c.688+5G>A",SpliceAI_AG,,0.0,No impact
"RAD21,c.688+5G>A",SpliceAI_AL,,0.0,No impact
"RAD21,c.688+5G>A",SpliceAI_DG,,0.0,No impact
"RAD21,c.688+5G>A",SpliceAI_DL,,0.0,No impact
"RAD21,c.688+5G>A",MaxEntScan_AG,,0.0,No impact
"RAD21,c.688+5G>A",MaxEntScan_AL,,1000.0,No impact
"RAD21,c.688+5G>A",MaxEntScan_DG,,0.0,No impact
"RAD21,c.688+5G>A",MaxEntScan_DL,4.89,4.89,High
"RAD21,c.374+5G>A",CONSEQUENCE,1,1.0,SPLICE
"RAD21,c.374+5G>A",SpliceAI_AG,,0.0,No impact
"RAD21,c.374+5G>A",SpliceAI_AL,,0.0,No impact
"RAD21,c.374+5G>A",SpliceAI_DG,,0.0,No impact
"RAD21,c.374+5G>A",SpliceAI_DL,24,24.0,Low
"RAD21,c.374+5G>A",MaxEntScan_AG,,0.0,No impact
"RAD21,c.374+5G>A",MaxEntScan_AL,,1000.0,No impact
"RAD21,c.374+5G>A",MaxEntScan_DG,,0.0,No impact
"RAD21,c.374+5G>A",MaxEntScan_DL,-2.33,-2.33,High
"RAD21,c.1321+1G>T",CONSEQUENCE,1,1.0,SPLICE
"RAD21,c.1321+1G>T",SpliceAI_AG,,0.0,No impact
"RAD21,c.1321+1G>T",SpliceAI_AL,,0.0,No impact
"RAD21,c.1321+1G>T",SpliceAI_DG,37,37.0,Low
"RAD21,c.1321+1G>T",SpliceAI_DL,99,99.0,High
"RAD21,c.1321+1G>T",MaxEntScan_AG,,0.0,No impact
"RAD21,c.1321+1G>T",MaxEntScan_AL,,1000.0,No impact
"RAD21,c.1321+1G>T",MaxEntScan_DG,,0.0,No impact
"RAD21,c.1321+1G>T",MaxEntScan_DL,-4.96,-4.96,High
"RAD21,c.1321+1G>A",CONSEQUENCE,1,1.0,SPLICE
"RAD21,c.1321+1G>A",SpliceAI_AG,,0.0,No impact
"RAD21,c.1321+1G>A",SpliceAI_AL,,0.0,No impact
"RAD21,c.1321+1G>A",SpliceAI_DG,55,55.0,Intermediate
"RAD21,c.1321+1G>A",SpliceAI_DL,99,99.0,High
"RAD21,c.1321+1G>A",MaxEntScan_AG,,0.0,No impact
"RAD21,c.1321+1G>A",MaxEntScan_AL,,1000.0,No impact
"RAD21,c.1321+1G>A",MaxEntScan_DG,,0.0,No impact
"RAD21,c.1321+1G>A",MaxEntScan_DL,-4.63,-4.63,High
"RAD21,c.1161+1G>A",CONSEQUENCE,1,1.0,SPLICE
"RAD21,c.1161+1G>A",SpliceAI_AG,,0.0,No impact
"RAD21,c.1161+1G>A",SpliceAI_AL,,0.0,No impact
"RAD21,c.1161+1G>A",SpliceAI_DG,,0.0,No impact
"RAD21,c.1161+1G>A",SpliceAI_DL,100,100.0,High
"RAD21,c.1161+1G>A",MaxEntScan_AG,,0.0,No impact
"RAD21,c.1161+1G>A",MaxEntScan_AL,,1000.0,No impact
"RAD21,c.1161+1G>A",MaxEntScan_DG,,0.0,No impact
"RAD21,c.1161+1G>A",MaxEntScan_DL,0.31,0.31,High
"RUNX1,c.806-1G>T",CONSEQUENCE,1,1.0,SPLICE
"RUNX1,c.806-1G>T",SpliceAI_AG,65,65.0,Intermediate
"RUNX1,c.806-1G>T",SpliceAI_AL,98,98.0,High
"RUNX1,c.806-1G>T",SpliceAI_DG,,0.0,No impact
"RUNX1,c.806-1G>T",SpliceAI_DL,,0.0,No impact
"RUNX1,c.806-1G>T",MaxEntScan_AG,3.29,3.29,Low
"RUNX1,c.806-1G>T",MaxEntScan_AL,2.49,2.49,High
"RUNX1,c.806-1G>T",MaxEntScan_DG,,0.0,No impact
"RUNX1,c.806-1G>T",MaxEntScan_DL,,1000.0,No impact
"RUNX1,c.806-1G>A",CONSEQUENCE,1,1.0,SPLICE
"RUNX1,c.806-1G>A",SpliceAI_AG,53,53.0,Intermediate
"RUNX1,c.806-1G>A",SpliceAI_AL,98,98.0,High
"RUNX1,c.806-1G>A",SpliceAI_DG,,0.0,No impact
"RUNX1,c.806-1G>A",SpliceAI_DL,,0.0,No impact
"RUNX1,c.806-1G>A",MaxEntScan_AG,,0.0,No impact
"RUNX1,c.806-1G>A",MaxEntScan_AL,2.34,2.34,High
"RUNX1,c.806-1G>A",MaxEntScan_DG,,0.0,No impact
"RUNX1,c.806-1G>A",MaxEntScan_DL,,1000.0,No impact
"RUNX1,c.508+5G>A",CONSEQUENCE,1,1.0,SPLICE
"RUNX1,c.508+5G>A",SpliceAI_AG,,0.0,No impact
"RUNX1,c.508+5G>A",SpliceAI_AL,,0.0,No impact
"RUNX1,c.508+5G>A",SpliceAI_DG,44,44.0,Low
"RUNX1,c.508+5G>A",SpliceAI_DL,,0.0,No impact
"RUNX1,c.508+5G>A",MaxEntScan_AG,,0.0,No impact
"RUNX1,c.508+5G>A",MaxEntScan_AL,,1000.0,No impact
"RUNX1,c.508+5G>A",MaxEntScan_DG,,0.0,No impact
"RUNX1,c.508+5G>A",MaxEntScan_DL,6.75,6.75,Intermediate
"RUNX1,c.805+1G>C",CONSEQUENCE,1,1.0,SPLICE
"RUNX1,c.805+1G>C",SpliceAI_AG,,0.0,No impact
"RUNX1,c.805+1G>C",SpliceAI_AL,,0.0,No impact
"RUNX1,c.805+1G>C",SpliceAI_DG,,0.0,No impact
"RUNX1,c.805+1G>C",SpliceAI_DL,96,96.0,High
"RUNX1,c.805+1G>C",MaxEntScan_AG,,0.0,No impact
"RUNX1,c.805+1G>C",MaxEntScan_AL,,1000.0,No impact
"RUNX1,c.805+1G>C",MaxEntScan_DG,,0.0,No impact
"RUNX1,c.805+1G>C",MaxEntScan_DL,2.18,2.18,High
"SF3B1,c.2224-1G>A",CONSEQUENCE,1,1.0,SPLICE
"SF3B1,c.2224-1G>A",SpliceAI_AG,99,99.0,High
"SF3B1,c.2224-1G>A",SpliceAI_AL,99,99.0,High
"SF3B1,c.2224-1G>A",SpliceAI_DG,,0.0,No impact
"SF3B1,c.2224-1G>A",SpliceAI_DL,,0.0,No impact
"SF3B1,c.2224-1G>A",MaxEntScan_AG,,0.0,No impact
"SF3B1,c.2224-1G>A",MaxEntScan_AL,-2.38,-2.38,High
"SF3B1,c.2224-1G>A",MaxEntScan_DG,,0.0,No impact
"SF3B1,c.2224-1G>A",MaxEntScan_DL,,1000.0,No impact
"STAG2,c.820-1G>A",CONSEQUENCE,1,1.0,SPLICE
"STAG2,c.820-1G>A",SpliceAI_AG,90,90.0,High
"STAG2,c.820-1G>A",SpliceAI_AL,100,100.0,High
"STAG2,c.820-1G>A",SpliceAI_DG,,0.0,No impact
"STAG2,c.820-1G>A",SpliceAI_DL,,0.0,No impact
"STAG2,c.820-1G>A",MaxEntScan_AG,9.14,9.14,High
"STAG2,c.820-1G>A",MaxEntScan_AL,0.67,0.67,High
"STAG2,c.820-1G>A",MaxEntScan_DG,,0.0,No impact
"STAG2,c.820-1G>A",MaxEntScan_DL,,1000.0,No impact
"STAG2,c.894-2A>G",CONSEQUENCE,1,1.0,SPLICE
"STAG2,c.894-2A>G",SpliceAI_AG,99,99.0,High
"STAG2,c.894-2A>G",SpliceAI_AL,100,100.0,High
"STAG2,c.894-2A>G",SpliceAI_DG,,0.0,No impact
"STAG2,c.894-2A>G",SpliceAI_DL,,0.0,No impact
"STAG2,c.894-2A>G",MaxEntScan_AG,,0.0,No impact
"STAG2,c.894-2A>G",MaxEntScan_AL,1.68,1.68,High
"STAG2,c.894-2A>G",MaxEntScan_DG,,0.0,No impact
"STAG2,c.894-2A>G",MaxEntScan_DL,,1000.0,No impact
"STAG2,c.1117-2A>G",CONSEQUENCE,1,1.0,SPLICE
"STAG2,c.1117-2A>G",SpliceAI_AG,,0.0,No impact
"STAG2,c.1117-2A>G",SpliceAI_AL,100,100.0,High
"STAG2,c.1117-2A>G",SpliceAI_DG,,0.0,No impact
"STAG2,c.1117-2A>G",SpliceAI_DL,,0.0,No impact
"STAG2,c.1117-2A>G",MaxEntScan_AG,5.87,5.87,Low
"STAG2,c.1117-2A>G",MaxEntScan_AL,3.78,3.78,High
"STAG2,c.1117-2A>G",MaxEntScan_DG,,0.0,No impact
"STAG2,c.1117-2A>G",MaxEntScan_DL,,1000.0,No impact
"STAG2,c.1197-1G>A",CONSEQUENCE,1,1.0,SPLICE
"STAG2,c.1197-1G>A",SpliceAI_AG,90,90.0,High
"STAG2,c.1197-1G>A",SpliceAI_AL,100,100.0,High
"STAG2,c.1197-1G>A",SpliceAI_DG,,0.0,No impact
"STAG2,c.1197-1G>A",SpliceAI_DL,,0.0,No impact
"STAG2,c.1197-1G>A",MaxEntScan_AG,3.53,3.53,Low
"STAG2,c.1197-1G>A",MaxEntScan_AL,-0.90,-0.9,High
"STAG2,c.1197-1G>A",MaxEntScan_DG,,0.0,No impact
"STAG2,c.1197-1G>A",MaxEntScan_DL,,1000.0,No impact
"STAG2,c.2924+2T>C",CONSEQUENCE,1,1.0,SPLICE
"STAG2,c.2924+2T>C",SpliceAI_AG,,0.0,No impact
"STAG2,c.2924+2T>C",SpliceAI_AL,,0.0,No impact
"STAG2,c.2924+2T>C",SpliceAI_DG,,0.0,No impact
"STAG2,c.2924+2T>C",SpliceAI_DL,99,99.0,High
"STAG2,c.2924+2T>C",MaxEntScan_AG,,0.0,No impact
"STAG2,c.2924+2T>C",MaxEntScan_AL,,1000.0,No impact
"STAG2,c.2924+2T>C",MaxEntScan_DG,,0.0,No impact
"STAG2,c.2924+2T>C",MaxEntScan_DL,-7097,-7097,High
"STAG2,c.3277+1G>A",CONSEQUENCE,1,1.0,SPLICE
"STAG2,c.3277+1G>A",SpliceAI_AG,,0.0,No impact
"STAG2,c.3277+1G>A",SpliceAI_AL,,0.0,No impact
"STAG2,c.3277+1G>A",SpliceAI_DG,,0.0,No impact
"STAG2,c.3277+1G>A",SpliceAI_DL,97,97.0,High
"STAG2,c.3277+1G>A",MaxEntScan_AG,,0.0,No impact
"STAG2,c.3277+1G>A",MaxEntScan_AL,,1000.0,No impact
"STAG2,c.3277+1G>A",MaxEntScan_DG,,0.0,No impact
"STAG2,c.3277+1G>A",MaxEntScan_DL,-2.98,-2.98,High
"TET2,c.3955-1G>A",CONSEQUENCE,1,1.0,SPLICE
"TET2,c.3955-1G>A",SpliceAI_AG,73,73.0,Intermediate
"TET2,c.3955-1G>A",SpliceAI_AL,99,99.0,High
"TET2,c.3955-1G>A",SpliceAI_DG,,0.0,No impact
"TET2,c.3955-1G>A",SpliceAI_DL,,0.0,No impact
"TET2,c.3955-1G>A",MaxEntScan_AG,,0.0,No impact
"TET2,c.3955-1G>A",MaxEntScan_AL,-2.77,-2.77,High
"TET2,c.3955-1G>A",MaxEntScan_DG,,0.0,No impact
"TET2,c.3955-1G>A",MaxEntScan_DL,,1000.0,No impact
"TET2,c.4045-2A>G",CONSEQUENCE,1,1.0,SPLICE
"TET2,c.4045-2A>G",SpliceAI_AG,38,38.0,Low
"TET2,c.4045-2A>G",SpliceAI_AL,99,99.0,High
"TET2,c.4045-2A>G",SpliceAI_DG,,0.0,No impact
"TET2,c.4045-2A>G",SpliceAI_DL,,0.0,No impact
"TET2,c.4045-2A>G",MaxEntScan_AG,,0.0,No impact
"TET2,c.4045-2A>G",MaxEntScan_AL,2.58,2.58,High
"TET2,c.4045-2A>G",MaxEntScan_DG,,0.0,No impact
"TET2,c.4045-2A>G",MaxEntScan_DL,,1000.0,No impact
"TET2,c.4045-1G>A",CONSEQUENCE,1,1.0,SPLICE
"TET2,c.4045-1G>A",SpliceAI_AG,36,36.0,Low
"TET2,c.4045-1G>A",SpliceAI_AL,99,99.0,High
"TET2,c.4045-1G>A",SpliceAI_DG,,0.0,No impact
"TET2,c.4045-1G>A",SpliceAI_DL,,0.0,No impact
"TET2,c.4045-1G>A",MaxEntScan_AG,,0.0,No impact
"TET2,c.4045-1G>A",MaxEntScan_AL,1.78,1.78,High
"TET2,c.4045-1G>A",MaxEntScan_DG,,0.0,No impact
"TET2,c.4045-1G>A",MaxEntScan_DL,,1000.0,No impact
"TET2,c.4183-2A>G",CONSEQUENCE,1,1.0,SPLICE
"TET2,c.4183-2A>G",SpliceAI_AG,68,68.0,Intermediate
"TET2,c.4183-2A>G",SpliceAI_AL,99,99.0,High
"TET2,c.4183-2A>G",SpliceAI_DG,,0.0,No impact
"TET2,c.4183-2A>G",SpliceAI_DL,,0.0,No impact
"TET2,c.4183-2A>G",MaxEntScan_AG,4.47,4.47,Low
"TET2,c.4183-2A>G",MaxEntScan_AL,1.88,1.88,High
"TET2,c.4183-2A>G",MaxEntScan_DG,,0.0,No impact
"TET2,c.4183-2A>G",MaxEntScan_DL,,1000.0,No impact
"TET2,c.3954+5G>A",CONSEQUENCE,1,1.0,SPLICE
"TET2,c.3954+5G>A",SpliceAI_AG,,0.0,No impact
"TET2,c.3954+5G>A",SpliceAI_AL,,0.0,No impact
"TET2,c.3954+5G>A",SpliceAI_DG,,0.0,No impact
"TET2,c.3954+5G>A",SpliceAI_DL,92,92.0,High
"TET2,c.3954+5G>A",MaxEntScan_AG,,0.0,No impact
"TET2,c.3954+5G>A",MaxEntScan_AL,,1000.0,No impact
"TET2,c.3954+5G>A",MaxEntScan_DG,,0.0,No impact
"TET2,c.3954+5G>A",MaxEntScan_DL,2.62,2.62,High
"TET2,c.3409+1G>A",CONSEQUENCE,1,1.0,SPLICE
"TET2,c.3409+1G>A",SpliceAI_AG,,0.0,No impact
"TET2,c.3409+1G>A",SpliceAI_AL,,0.0,No impact
"TET2,c.3409+1G>A",SpliceAI_DG,,0.0,No impact
"TET2,c.3409+1G>A",SpliceAI_DL,33,33.0,Low
"TET2,c.3409+1G>A",MaxEntScan_AG,,0.0,No impact
"TET2,c.3409+1G>A",MaxEntScan_AL,,1000.0,No impact
"TET2,c.3409+1G>A",MaxEntScan_DG,,0.0,No impact
"TET2,c.3409+1G>A",MaxEntScan_DL,1.48,1.48,High
"TET2,c.3954+1G>A",CONSEQUENCE,1,1.0,SPLICE
"TET2,c.3954+1G>A",SpliceAI_AG,20,20.0,No impact
"TET2,c.3954+1G>A",SpliceAI_AL,,0.0,No impact
"TET2,c.3954+1G>A",SpliceAI_DG,,0.0,No impact
"TET2,c.3954+1G>A",SpliceAI_DL,96,96.0,High
"TET2,c.3954+1G>A",MaxEntScan_AG,,0.0,No impact
"TET2,c.3954+1G>A",MaxEntScan_AL,,1000.0,No impact
"TET2,c.3954+1G>A",MaxEntScan_DG,,0.0,No impact
"TET2,c.3954+1G>A",MaxEntScan_DL,-1.82,-1.82,High
"TET2,c.3954+1G>T",CONSEQUENCE,1,1.0,SPLICE
"TET2,c.3954+1G>T",SpliceAI_AG,21,21.0,Low
"TET2,c.3954+1G>T",SpliceAI_AL,,0.0,No impact
"TET2,c.3954+1G>T",SpliceAI_DG,,0.0,No impact
"TET2,c.3954+1G>T",SpliceAI_DL,96,96.0,High
"TET2,c.3954+1G>T",MaxEntScan_AG,,0.0,No impact
"TET2,c.3954+1G>T",MaxEntScan_AL,,1000.0,No impact
"TET2,c.3954+1G>T",MaxEntScan_DG,,0.0,No impact
"TET2,c.3954+1G>T",MaxEntScan_DL,-2.14,-2.14,High
"TP53,c.994-1G>A",CONSEQUENCE,1,1.0,SPLICE
"TP53,c.994-1G>A",SpliceAI_AG,97,97.0,High
"TP53,c.994-1G>A",SpliceAI_AL,100,100.0,High
"TP53,c.994-1G>A",SpliceAI_DG,,0.0,No impact
"TP53,c.994-1G>A",SpliceAI_DL,,0.0,No impact
"TP53,c.994-1G>A",MaxEntScan_AG,,0.0,No impact
"TP53,c.994-1G>A",MaxEntScan_AL,1.89,1.89,High
"TP53,c.994-1G>A",MaxEntScan_DG,,0.0,No impact
"TP53,c.994-1G>A",MaxEntScan_DL,,1000.0,No impact
"TP53,c.376-2A>G",CONSEQUENCE,1,1.0,SPLICE
"TP53,c.376-2A>G",SpliceAI_AG,96,96.0,High
"TP53,c.376-2A>G",SpliceAI_AL,100,100.0,High
"TP53,c.376-2A>G",SpliceAI_DG,,0.0,No impact
"TP53,c.376-2A>G",SpliceAI_DL,,0.0,No impact
"TP53,c.376-2A>G",MaxEntScan_AG,3.42,3.42,Low
"TP53,c.376-2A>G",MaxEntScan_AL,2.67,2.67,High
"TP53,c.376-2A>G",MaxEntScan_DG,,0.0,No impact
"TP53,c.376-2A>G",MaxEntScan_DL,,1000.0,No impact
"TP53,c.993+1G>A",CONSEQUENCE,1,1.0,SPLICE
"TP53,c.993+1G>A",SpliceAI_AG,,0.0,No impact
"TP53,c.993+1G>A",SpliceAI_AL,,0.0,No impact
"TP53,c.993+1G>A",SpliceAI_DG,,0.0,No impact
"TP53,c.993+1G>A",SpliceAI_DL,99,99.0,High
"TP53,c.993+1G>A",MaxEntScan_AG,,0.0,No impact
"TP53,c.993+1G>A",MaxEntScan_AL,,1000.0,No impact
"TP53,c.993+1G>A",MaxEntScan_DG,,0.0,No impact
"TP53,c.993+1G>A",MaxEntScan_DL,-0.54,-0.54,High
"KDM5A,c.1773G>A,p.Trp591Ter",CONSEQUENCE,4,4.0,"NONSENSE, SPLICE REGION"
"KDM5A,c.1773G>A,p.Trp591Ter",SpliceAI_AG,,0.0,No impact
"KDM5A,c.1773G>A,p.Trp591Ter",SpliceAI_AL,,0.0,No impact
"KDM5A,c.1773G>A,p.Trp591Ter",SpliceAI_DG,,0.0,No impact
"KDM5A,c.1773G>A,p.Trp591Ter",SpliceAI_DL,81,81.0,High
"KDM5A,c.1773G>A,p.Trp591Ter",MaxEntScan_AG,,0.0,No impact
"KDM5A,c.1773G>A,p.Trp591Ter",MaxEntScan_AL,,1000.0,No impact
"KDM5A,c.1773G>A,p.Trp591Ter",MaxEntScan_DG,,0.0,No impact
"KDM5A,c.1773G>A,p.Trp591Ter",MaxEntScan_DL,-7582,-7582,High
"BCOR,c.3622C>T,p.Gln1208Ter",CONSEQUENCE,2,2.0,NONSENSE
"BCOR,c.3622C>T,p.Gln1208Ter",SpliceAI_AG,41,41.0,Low
"BCOR,c.3622C>T,p.Gln1208Ter",SpliceAI_AL,,0.0,No impact
"BCOR,c.3622C>T,p.Gln1208Ter",SpliceAI_DG,,0.0,No impact
"BCOR,c.3622C>T,p.Gln1208Ter",SpliceAI_DL,,0.0,No impact
"BCOR,c.3622C>T,p.Gln1208Ter",MaxEntScan_AG,,0.0,No impact
"BCOR,c.3622C>T,p.Gln1208Ter",MaxEntScan_AL,,1000.0,No impact
"BCOR,c.3622C>T,p.Gln1208Ter",MaxEntScan_DG,,0.0,No impact
"BCOR,c.3622C>T,p.Gln1208Ter",MaxEntScan_DL,,1000.0,No impact
"DNMT3A,c.1792C>T,p.Arg598Ter",CONSEQUENCE,2,2.0,NONSENSE
"DNMT3A,c.1792C>T,p.Arg598Ter",SpliceAI_AG,,0.0,No impact
"DNMT3A,c.1792C>T,p.Arg598Ter",SpliceAI_AL,,0.0,No impact
"DNMT3A,c.1792C>T,p.Arg598Ter",SpliceAI_DG,,0.0,No impact
"DNMT3A,c.1792C>T,p.Arg598Ter",SpliceAI_DL,,0.0,No impact
"DNMT3A,c.1792C>T,p.Arg598Ter",MaxEntScan_AG,,0.0,No impact
"DNMT3A,c.1792C>T,p.Arg598Ter",MaxEntScan_AL,,1000.0,No impact
"DNMT3A,c.1792C>T,p.Arg598Ter",MaxEntScan_DG,7.4,7.4,Intermediate
"DNMT3A,c.1792C>T,p.Arg598Ter",MaxEntScan_DL,,1000.0,No impact
"KDM6A,c.493C>T,p.Arg165Ter",CONSEQUENCE,2,2.0,NONSENSE
"KDM6A,c.493C>T,p.Arg165Ter",SpliceAI_AG,,0.0,No impact
"KDM6A,c.493C>T,p.Arg165Ter",SpliceAI_AL,29,29.0,Low
"KDM6A,c.493C>T,p.Arg165Ter",SpliceAI_DG,,0.0,No impact
"KDM6A,c.493C>T,p.Arg165Ter",SpliceAI_DL,,0.0,No impact
"KDM6A,c.493C>T,p.Arg165Ter",MaxEntScan_AG,,0.0,No impact
"KDM6A,c.493C>T,p.Arg165Ter",MaxEntScan_AL,,1000.0,No impact
"KDM6A,c.493C>T,p.Arg165Ter",MaxEntScan_DG,,0.0,No impact
"KDM6A,c.493C>T,p.Arg165Ter",MaxEntScan_DL,,1000.0,No impact
"KDM6A,c.1516C>T,p.Gln506Ter",CONSEQUENCE,2,2.0,NONSENSE
"KDM6A,c.1516C>T,p.Gln506Ter",SpliceAI_AG,,0.0,No impact
"KDM6A,c.1516C>T,p.Gln506Ter",SpliceAI_AL,,0.0,No impact
"KDM6A,c.1516C>T,p.Gln506Ter",SpliceAI_DG,39,39.0,Low
"KDM6A,c.1516C>T,p.Gln506Ter",SpliceAI_DL,28,28.0,Low
"KDM6A,c.1516C>T,p.Gln506Ter",MaxEntScan_AG,,0.0,No impact
"KDM6A,c.1516C>T,p.Gln506Ter",MaxEntScan_AL,,1000.0,No impact
"KDM6A,c.1516C>T,p.Gln506Ter",MaxEntScan_DG,3.19,3.19,Low
"KDM6A,c.1516C>T,p.Gln506Ter",MaxEntScan_DL,,1000.0,No impact
"KMT2D,c.16501C>T,p.Arg5501Ter",CONSEQUENCE,2,2.0,NONSENSE
"KMT2D,c.16501C>T,p.Arg5501Ter",SpliceAI_AG,,0.0,No impact
"KMT2D,c.16501C>T,p.Arg5501Ter",SpliceAI_AL,,0.0,No impact
"KMT2D,c.16501C>T,p.Arg5501Ter",SpliceAI_DG,,0.0,No impact
"KMT2D,c.16501C>T,p.Arg5501Ter",SpliceAI_DL,,0.0,No impact
"KMT2D,c.16501C>T,p.Arg5501Ter",MaxEntScan_AG,,0.0,No impact
"KMT2D,c.16501C>T,p.Arg5501Ter",MaxEntScan_AL,,1000.0,No impact
"KMT2D,c.16501C>T,p.Arg5501Ter",MaxEntScan_DG,4.89,4.89,Low
"KMT2D,c.16501C>T,p.Arg5501Ter",MaxEntScan_DL,,1000.0,No impact
"KMT2D,c.13450C>T,p.Arg4484Ter",CONSEQUENCE,2,2.0,NONSENSE
"KMT2D,c.13450C>T,p.Arg4484Ter",SpliceAI_AG,,0.0,No impact
"KMT2D,c.13450C>T,p.Arg4484Ter",SpliceAI_AL,,0.0,No impact
"KMT2D,c.13450C>T,p.Arg4484Ter",SpliceAI_DG,,0.0,No impact
"KMT2D,c.13450C>T,p.Arg4484Ter",SpliceAI_DL,,0.0,No impact
"KMT2D,c.13450C>T,p.Arg4484Ter",MaxEntScan_AG,,0.0,No impact
"KMT2D,c.13450C>T,p.Arg4484Ter",MaxEntScan_AL,,1000.0,No impact
"KMT2D,c.13450C>T,p.Arg4484Ter",MaxEntScan_DG,3.20,3.2,Low
"KMT2D,c.13450C>T,p.Arg4484Ter",MaxEntScan_DL,,1000.0,No impact
"KMT2D,c.10951C>T,p.Gln3651Ter",CONSEQUENCE,2,2.0,NONSENSE
"KMT2D,c.10951C>T,p.Gln3651Ter",SpliceAI_AG,,0.0,No impact
"KMT2D,c.10951C>T,p.Gln3651Ter",SpliceAI_AL,,0.0,No impact
"KMT2D,c.10951C>T,p.Gln3651Ter",SpliceAI_DG,,0.0,No impact
"KMT2D,c.10951C>T,p.Gln3651Ter",SpliceAI_DL,,0.0,No impact
"KMT2D,c.10951C>T,p.Gln3651Ter",MaxEntScan_AG,,0.0,No impact
"KMT2D,c.10951C>T,p.Gln3651Ter",MaxEntScan_AL,,1000.0,No impact
"KMT2D,c.10951C>T,p.Gln3651Ter",MaxEntScan_DG,8.84,8.84,High
"KMT2D,c.10951C>T,p.Gln3651Ter",MaxEntScan_DL,,1000.0,No impact
"KMT2D,c.6673G>T,p.Glu2225Ter",CONSEQUENCE,2,2.0,NONSENSE
"KMT2D,c.6673G>T,p.Glu2225Ter",SpliceAI_AG,,0.0,No impact
"KMT2D,c.6673G>T,p.Glu2225Ter",SpliceAI_AL,,0.0,No impact
"KMT2D,c.6673G>T,p.Glu2225Ter",SpliceAI_DG,,0.0,No impact
"KMT2D,c.6673G>T,p.Glu2225Ter",SpliceAI_DL,,0.0,No impact
"KMT2D,c.6673G>T,p.Glu2225Ter",MaxEntScan_AG,,0.0,No impact
"KMT2D,c.6673G>T,p.Glu2225Ter",MaxEntScan_AL,,1000.0,No impact
"KMT2D,c.6673G>T,p.Glu2225Ter",MaxEntScan_DG,6.62,6.62,Intermediate
"KMT2D,c.6673G>T,p.Glu2225Ter",MaxEntScan_DL,,1000.0,No impact
"KMT2D,c.3532C>T,p.Gln1178Ter",CONSEQUENCE,2,2.0,NONSENSE
"KMT2D,c.3532C>T,p.Gln1178Ter",SpliceAI_AG,,0.0,No impact
"KMT2D,c.3532C>T,p.Gln1178Ter",SpliceAI_AL,,0.0,No impact
"KMT2D,c.3532C>T,p.Gln1178Ter",SpliceAI_DG,,0.0,No impact
"KMT2D,c.3532C>T,p.Gln1178Ter",SpliceAI_DL,,0.0,No impact
"KMT2D,c.3532C>T,p.Gln1178Ter",MaxEntScan_AG,,0.0,No impact
"KMT2D,c.3532C>T,p.Gln1178Ter",MaxEntScan_AL,,1000.0,No impact
"KMT2D,c.3532C>T,p.Gln1178Ter",MaxEntScan_DG,5.76,5.76,Low
"KMT2D,c.3532C>T,p.Gln1178Ter",MaxEntScan_DL,,1000.0,No impact
"KMT2E,c.1756C>T,p.Gln586Ter",CONSEQUENCE,2,2.0,NONSENSE
"KMT2E,c.1756C>T,p.Gln586Ter",SpliceAI_AG,,0.0,No impact
"KMT2E,c.1756C>T,p.Gln586Ter",SpliceAI_AL,,0.0,No impact
"KMT2E,c.1756C>T,p.Gln586Ter",SpliceAI_DG,,0.0,No impact
"KMT2E,c.1756C>T,p.Gln586Ter",SpliceAI_DL,,0.0,No impact
"KMT2E,c.1756C>T,p.Gln586Ter",MaxEntScan_AG,,0.0,No impact
"KMT2E,c.1756C>T,p.Gln586Ter",MaxEntScan_AL,,1000.0,No impact
"KMT2E,c.1756C>T,p.Gln586Ter",MaxEntScan_DG,3.93,3.93,Low
"KMT2E,c.1756C>T,p.Gln586Ter",MaxEntScan_DL,,1000.0,No impact
"NF1,c.2875C>T,p.Gln959Ter",CONSEQUENCE,2,2.0,NONSENSE
"NF1,c.2875C>T,p.Gln959Ter",SpliceAI_AG,38,38.0,Low
"NF1,c.2875C>T,p.Gln959Ter",SpliceAI_AL,,0.0,No impact
"NF1,c.2875C>T,p.Gln959Ter",SpliceAI_DG,,0.0,No impact
"NF1,c.2875C>T,p.Gln959Ter",SpliceAI_DL,,0.0,No impact
"NF1,c.2875C>T,p.Gln959Ter",MaxEntScan_AG,,0.0,No impact
"NF1,c.2875C>T,p.Gln959Ter",MaxEntScan_AL,,1000.0,No impact
"NF1,c.2875C>T,p.Gln959Ter",MaxEntScan_DG,,0.0,No impact
"NF1,c.2875C>T,p.Gln959Ter",MaxEntScan_DL,,1000.0,No impact
"NF1,c.6772C>T,p.Arg2258Ter",CONSEQUENCE,2,2.0,NONSENSE
"NF1,c.6772C>T,p.Arg2258Ter",SpliceAI_AG,,0.0,No impact
"NF1,c.6772C>T,p.Arg2258Ter",SpliceAI_AL,,0.0,No impact
"NF1,c.6772C>T,p.Arg2258Ter",SpliceAI_DG,,0.0,No impact
"NF1,c.6772C>T,p.Arg2258Ter",SpliceAI_DL,35,35.0,Low
"NF1,c.6772C>T,p.Arg2258Ter",MaxEntScan_AG,,0.0,No impact
"NF1,c.6772C>T,p.Arg2258Ter",MaxEntScan_AL,,1000.0,No impact
"NF1,c.6772C>T,p.Arg2258Ter",MaxEntScan_DG,,0.0,No impact
"NF1,c.6772C>T,p.Arg2258Ter",MaxEntScan_DL,,1000.0,No impact
"STAG2,c.545T>G,p.Leu182Ter",CONSEQUENCE,2,2.0,NONSENSE
"STAG2,c.545T>G,p.Leu182Ter",SpliceAI_AG,,0.0,No impact
"STAG2,c.545T>G,p.Leu182Ter",SpliceAI_AL,,0.0,No impact
"STAG2,c.545T>G,p.Leu182Ter",SpliceAI_DG,92,92.0,High
"STAG2,c.545T>G,p.Leu182Ter",SpliceAI_DL,,0.0,No impact
"STAG2,c.545T>G,p.Leu182Ter",MaxEntScan_AG,,0.0,No impact
"STAG2,c.545T>G,p.Leu182Ter",MaxEntScan_AL,,1000.0,No impact
"STAG2,c.545T>G,p.Leu182Ter",MaxEntScan_DG,7.42,7.42,Intermediate
"STAG2,c.545T>G,p.Leu182Ter",MaxEntScan_DL,,1000.0,No impact
"STAG2,c.2020C>T,p.Gln674Ter",CONSEQUENCE,2,2.0,NONSENSE
"STAG2,c.2020C>T,p.Gln674Ter",SpliceAI_AG,,0.0,No impact
"STAG2,c.2020C>T,p.Gln674Ter",SpliceAI_AL,,0.0,No impact
"STAG2,c.2020C>T,p.Gln674Ter",SpliceAI_DG,41,41.0,Low
"STAG2,c.2020C>T,p.Gln674Ter",SpliceAI_DL,,0.0,No impact
"STAG2,c.2020C>T,p.Gln674Ter",MaxEntScan_AG,,0.0,No impact
"STAG2,c.2020C>T,p.Gln674Ter",MaxEntScan_AL,,1000.0,No impact
"STAG2,c.2020C>T,p.Gln674Ter",MaxEntScan_DG,4.08,4.08,Low
"STAG2,c.2020C>T,p.Gln674Ter",MaxEntScan_DL,,1000.0,No impact
"STAG2,c.2740C>T,p.Gln914Ter",CONSEQUENCE,2,2.0,NONSENSE
"STAG2,c.2740C>T,p.Gln914Ter",SpliceAI_AG,,0.0,No impact
"STAG2,c.2740C>T,p.Gln914Ter",SpliceAI_AL,,0.0,No impact
"STAG2,c.2740C>T,p.Gln914Ter",SpliceAI_DG,,0.0,No impact
"STAG2,c.2740C>T,p.Gln914Ter",SpliceAI_DL,27,27.0,Low
"STAG2,c.2740C>T,p.Gln914Ter",MaxEntScan_AG,,0.0,No impact
"STAG2,c.2740C>T,p.Gln914Ter",MaxEntScan_AL,,1000.0,No impact
"STAG2,c.2740C>T,p.Gln914Ter",MaxEntScan_DG,,0.0,No impact
"STAG2,c.2740C>T,p.Gln914Ter",MaxEntScan_DL,,1000.0,No impact
"TET2,c.4315A>T,p.Lys1439Ter",CONSEQUENCE,2,2.0,NONSENSE
"TET2,c.4315A>T,p.Lys1439Ter",SpliceAI_AG,21,21.0,Low
"TET2,c.4315A>T,p.Lys1439Ter",SpliceAI_AL,,0.0,No impact
"TET2,c.4315A>T,p.Lys1439Ter",SpliceAI_DG,,0.0,No impact
"TET2,c.4315A>T,p.Lys1439Ter",SpliceAI_DL,,0.0,No impact
"TET2,c.4315A>T,p.Lys1439Ter",MaxEntScan_AG,,0.0,No impact
"TET2,c.4315A>T,p.Lys1439Ter",MaxEntScan_AL,,1000.0,No impact
"TET2,c.4315A>T,p.Lys1439Ter",MaxEntScan_DG,,0.0,No impact
"TET2,c.4315A>T,p.Lys1439Ter",MaxEntScan_DL,,1000.0,No impact
"TET2,c.4546C>T,p.Arg1516Ter",CONSEQUENCE,2,2.0,NONSENSE
"TET2,c.4546C>T,p.Arg1516Ter",SpliceAI_AG,34,34.0,Low
"TET2,c.4546C>T,p.Arg1516Ter",SpliceAI_AL,,0.0,No impact
"TET2,c.4546C>T,p.Arg1516Ter",SpliceAI_DG,,0.0,No impact
"TET2,c.4546C>T,p.Arg1516Ter",SpliceAI_DL,,0.0,No impact
"TET2,c.4546C>T,p.Arg1516Ter",MaxEntScan_AG,7.79,7.79,Intermediate
"TET2,c.4546C>T,p.Arg1516Ter",MaxEntScan_AL,,1000.0,No impact
"TET2,c.4546C>T,p.Arg1516Ter",MaxEntScan_DG,,0.0,No impact
"TET2,c.4546C>T,p.Arg1516Ter",MaxEntScan_DL,,1000.0,No impact
"TET2,c.5543C>G,p.Ser1848Ter",CONSEQUENCE,2,2.0,NONSENSE
"TET2,c.5543C>G,p.Ser1848Ter",SpliceAI_AG,,0.0,No impact
"TET2,c.5543C>G,p.Ser1848Ter",SpliceAI_AL,,0.0,No impact
"TET2,c.5543C>G,p.Ser1848Ter",SpliceAI_DG,,0.0,No impact
"TET2,c.5543C>G,p.Ser1848Ter",SpliceAI_DL,,0.0,No impact
"TET2,c.5543C>G,p.Ser1848Ter",MaxEntScan_AG,,0.0,No impact
"TET2,c.5543C>G,p.Ser1848Ter",MaxEntScan_AL,,1000.0,No impact
"TET2,c.5543C>G,p.Ser1848Ter",MaxEntScan_DG,7.54,7.54,Intermediate
"TET2,c.5543C>G,p.Ser1848Ter",MaxEntScan_DL,,1000.0,No impact
"TP53,c.637C>T,p.Arg213Ter",CONSEQUENCE,2,2.0,NONSENSE
"TP53,c.637C>T,p.Arg213Ter",SpliceAI_AG,,0.0,No impact
"TP53,c.637C>T,p.Arg213Ter",SpliceAI_AL,,0.0,No impact
"TP53,c.637C>T,p.Arg213Ter",SpliceAI_DG,,0.0,No impact
"TP53,c.637C>T,p.Arg213Ter",SpliceAI_DL,47,47.0,Low
"TP53,c.637C>T,p.Arg213Ter",MaxEntScan_AG,,0.0,No impact
"TP53,c.637C>T,p.Arg213Ter",MaxEntScan_AL,,1000.0,No impact
"TP53,c.637C>T,p.Arg213Ter",MaxEntScan_DG,,0.0,No impact
"TP53,c.637C>T,p.Arg213Ter",MaxEntScan_DL,,1000.0,No impact
"TP53,c.437G>A,p.Trp146Ter",CONSEQUENCE,2,2.0,NONSENSE
"TP53,c.437G>A,p.Trp146Ter",SpliceAI_AG,,0.0,No impact
"TP53,c.437G>A,p.Trp146Ter",SpliceAI_AL,,0.0,No impact
"TP53,c.437G>A,p.Trp146Ter",SpliceAI_DG,,0.0,No impact
"TP53,c.437G>A,p.Trp146Ter",SpliceAI_DL,,0.0,No impact
"TP53,c.437G>A,p.Trp146Ter",MaxEntScan_AG,,0.0,No impact
"TP53,c.437G>A,p.Trp146Ter",MaxEntScan_AL,,1000.0,No impact
"TP53,c.437G>A,p.Trp146Ter",MaxEntScan_DG,3.41,3.41,Low
"TP53,c.437G>A,p.Trp146Ter",MaxEntScan_DL,,1000.0,No impact
"WT1,c.1309C>T,p.Gln437Ter",CONSEQUENCE,2,2.0,NONSENSE
"WT1,c.1309C>T,p.Gln437Ter",SpliceAI_AG,,0.0,No impact
"WT1,c.1309C>T,p.Gln437Ter",SpliceAI_AL,,0.0,No impact
"WT1,c.1309C>T,p.Gln437Ter",SpliceAI_DG,,0.0,No impact
"WT1,c.1309C>T,p.Gln437Ter",SpliceAI_DL,22,22.0,Low
"WT1,c.1309C>T,p.Gln437Ter",MaxEntScan_AG,,0.0,No impact
"WT1,c.1309C>T,p.Gln437Ter",MaxEntScan_AL,,1000.0,No impact
"WT1,c.1309C>T,p.Gln437Ter",MaxEntScan_DG,,0.0,No impact
"WT1,c.1309C>T,p.Gln437Ter",MaxEntScan_DL,,1000.0,No impact
"WT1,c.1157C>A,p.Ser381Ter",CONSEQUENCE,2,2.0,NONSENSE
"WT1,c.1157C>A,p.Ser381Ter",SpliceAI_AG,,0.0,No impact
"WT1,c.1157C>A,p.Ser381Ter",SpliceAI_AL,22,22.0,Low
"WT1,c.1157C>A,p.Ser381Ter",SpliceAI_DG,29,29.0,Low
"WT1,c.1157C>A,p.Ser381Ter",SpliceAI_DL,,0.0,No impact
"WT1,c.1157C>A,p.Ser381Ter",MaxEntScan_AG,,0.0,No impact
"WT1,c.1157C>A,p.Ser381Ter",MaxEntScan_AL,,1000.0,No impact
"WT1,c.1157C>A,p.Ser381Ter",MaxEntScan_DG,8.81,8.81,High
"WT1,c.1157C>A,p.Ser381Ter",MaxEntScan_DL,,1000.0,No impact
"ASXL1,c.254A>G,p.Lys85Arg",CONSEQUENCE,5,5.0,"MISSENSE, SPLICE REGION"
"ASXL1,c.254A>G,p.Lys85Arg",SpliceAI_AG,,0.0,No impact
"ASXL1,c.254A>G,p.Lys85Arg",SpliceAI_AL,81,81.0,High
"ASXL1,c.254A>G,p.Lys85Arg",SpliceAI_DG,,0.0,No impact
"ASXL1,c.254A>G,p.Lys85Arg",SpliceAI_DL,,0.0,No impact
"ASXL1,c.254A>G,p.Lys85Arg",MaxEntScan_AG,,0.0,No impact
"ASXL1,c.254A>G,p.Lys85Arg",MaxEntScan_AL,,1000.0,No impact
"ASXL1,c.254A>G,p.Lys85Arg",MaxEntScan_DG,,0.0,No impact
"ASXL1,c.254A>G,p.Lys85Arg",MaxEntScan_DL,,1000.0,No impact
"DNMT3A,c.2408G>A,p.Arg803Lys",CONSEQUENCE,5,5.0,"MISSENSE, SPLICE REGION"
"DNMT3A,c.2408G>A,p.Arg803Lys",SpliceAI_AG,,0.0,No impact
"DNMT3A,c.2408G>A,p.Arg803Lys",SpliceAI_AL,,0.0,No impact
"DNMT3A,c.2408G>A,p.Arg803Lys",SpliceAI_DG,33,33.0,Low
"DNMT3A,c.2408G>A,p.Arg803Lys",SpliceAI_DL,74,74.0,Intermediate
"DNMT3A,c.2408G>A,p.Arg803Lys",MaxEntScan_AG,,0.0,No impact
"DNMT3A,c.2408G>A,p.Arg803Lys",MaxEntScan_AL,,1000.0,No impact
"DNMT3A,c.2408G>A,p.Arg803Lys",MaxEntScan_DG,,0.0,No impact
"DNMT3A,c.2408G>A,p.Arg803Lys",MaxEntScan_DL,2.11,2.11,High
"DNMT3A,c.2407A>G,p.Arg803Gly",CONSEQUENCE,5,5.0,"MISSENSE, SPLICE REGION"
"DNMT3A,c.2407A>G,p.Arg803Gly",SpliceAI_AG,,0.0,No impact
"DNMT3A,c.2407A>G,p.Arg803Gly",SpliceAI_AL,,0.0,No impact
"DNMT3A,c.2407A>G,p.Arg803Gly",SpliceAI_DG,40,40.0,Low
"DNMT3A,c.2407A>G,p.Arg803Gly",SpliceAI_DL,37,37.0,Low
"DNMT3A,c.2407A>G,p.Arg803Gly",MaxEntScan_AG,,0.0,No impact
"DNMT3A,c.2407A>G,p.Arg803Gly",MaxEntScan_AL,,1000.0,No impact
"DNMT3A,c.2407A>G,p.Arg803Gly",MaxEntScan_DG,,0.0,No impact
"DNMT3A,c.2407A>G,p.Arg803Gly",MaxEntScan_DL,3.35,3.35,High
"DNMT3A,c.2322G>T,p.Glu774Asp",CONSEQUENCE,5,5.0,"MISSENSE, SPLICE REGION"
"DNMT3A,c.2322G>T,p.Glu774Asp",SpliceAI_AG,,0.0,No impact
"DNMT3A,c.2322G>T,p.Glu774Asp",SpliceAI_AL,,0.0,No impact
"DNMT3A,c.2322G>T,p.Glu774Asp",SpliceAI_DG,,0.0,No impact
"DNMT3A,c.2322G>T,p.Glu774Asp",SpliceAI_DL,95,95.0,High
"DNMT3A,c.2322G>T,p.Glu774Asp",MaxEntScan_AG,,0.0,No impact
"DNMT3A,c.2322G>T,p.Glu774Asp",MaxEntScan_AL,,1000.0,No impact
"DNMT3A,c.2322G>T,p.Glu774Asp",MaxEntScan_DG,,0.0,No impact
"DNMT3A,c.2322G>T,p.Glu774Asp",MaxEntScan_DL,-2.49,-2.49,High
"EZH2,c.363G>A,p.Met121Ile",CONSEQUENCE,5,5.0,"MISSENSE, SPLICE REGION"
"EZH2,c.363G>A,p.Met121Ile",SpliceAI_AG,,0.0,No impact
"EZH2,c.363G>A,p.Met121Ile",SpliceAI_AL,,0.0,No impact
"EZH2,c.363G>A,p.Met121Ile",SpliceAI_DG,,0.0,No impact
"EZH2,c.363G>A,p.Met121Ile",SpliceAI_DL,26,26.0,Low
"EZH2,c.363G>A,p.Met121Ile",MaxEntScan_AG,,0.0,No impact
"EZH2,c.363G>A,p.Met121Ile",MaxEntScan_AL,,1000.0,No impact
"EZH2,c.363G>A,p.Met121Ile",MaxEntScan_DG,,0.0,No impact
"EZH2,c.363G>A,p.Met121Ile",MaxEntScan_DL,4.41,4.41,High
"KIT,c.65C>T,p.Thr22Ile",CONSEQUENCE,5,5.0,"MISSENSE, SPLICE REGION"
"KIT,c.65C>T,p.Thr22Ile",SpliceAI_AG,,0.0,No impact
"KIT,c.65C>T,p.Thr22Ile",SpliceAI_AL,,0.0,No impact
"KIT,c.65C>T,p.Thr22Ile",SpliceAI_DG,,0.0,No impact
"KIT,c.65C>T,p.Thr22Ile",SpliceAI_DL,,0.0,No impact
"KIT,c.65C>T,p.Thr22Ile",MaxEntScan_AG,,0.0,No impact
"KIT,c.65C>T,p.Thr22Ile",MaxEntScan_AL,,1000.0,No impact
"KIT,c.65C>T,p.Thr22Ile",MaxEntScan_DG,,0.0,No impact
"KIT,c.65C>T,p.Thr22Ile",MaxEntScan_DL,3.27,3.27,High
"PHF6,c.729G>A,p.Met243Ile",CONSEQUENCE,5,5.0,"MISSENSE, SPLICE REGION"
"PHF6,c.729G>A,p.Met243Ile",SpliceAI_AG,,0.0,No impact
"PHF6,c.729G>A,p.Met243Ile",SpliceAI_AL,,0.0,No impact
"PHF6,c.729G>A,p.Met243Ile",SpliceAI_DG,,0.0,No impact
"PHF6,c.729G>A,p.Met243Ile",SpliceAI_DL,,0.0,No impact
"PHF6,c.729G>A,p.Met243Ile",MaxEntScan_AG,,0.0,No impact
"PHF6,c.729G>A,p.Met243Ile",MaxEntScan_AL,,1000.0,No impact
"PHF6,c.729G>A,p.Met243Ile",MaxEntScan_DG,,0.0,No impact
"PHF6,c.729G>A,p.Met243Ile",MaxEntScan_DL,5.26,5.26,High
"RAD21,c.688G>A,p.Asp230Asn",CONSEQUENCE,5,5.0,"MISSENSE, SPLICE REGION"
"RAD21,c.688G>A,p.Asp230Asn",SpliceAI_AG,,0.0,No impact
"RAD21,c.688G>A,p.Asp230Asn",SpliceAI_AL,,0.0,No impact
"RAD21,c.688G>A,p.Asp230Asn",SpliceAI_DG,,0.0,No impact
"RAD21,c.688G>A,p.Asp230Asn",SpliceAI_DL,,0.0,No impact
"RAD21,c.688G>A,p.Asp230Asn",MaxEntScan_AG,,0.0,No impact
"RAD21,c.688G>A,p.Asp230Asn",MaxEntScan_AL,,1000.0,No impact
"RAD21,c.688G>A,p.Asp230Asn",MaxEntScan_DG,,0.0,No impact
"RAD21,c.688G>A,p.Asp230Asn",MaxEntScan_DL,4.89,4.89,High
"TET2,c.3500G>A,p.Arg1167Lys",CONSEQUENCE,5,5.0,"MISSENSE, SPLICE REGION"
"TET2,c.3500G>A,p.Arg1167Lys",SpliceAI_AG,,0.0,No impact
"TET2,c.3500G>A,p.Arg1167Lys",SpliceAI_AL,,0.0,No impact
"TET2,c.3500G>A,p.Arg1167Lys",SpliceAI_DG,,0.0,No impact
"TET2,c.3500G>A,p.Arg1167Lys",SpliceAI_DL,85,85.0,High
"TET2,c.3500G>A,p.Arg1167Lys",MaxEntScan_AG,,0.0,No impact
"TET2,c.3500G>A,p.Arg1167Lys",MaxEntScan_AL,,1000.0,No impact
"TET2,c.3500G>A,p.Arg1167Lys",MaxEntScan_DG,,0.0,No impact
"TET2,c.3500G>A,p.Arg1167Lys",MaxEntScan_DL,3.64,3.64,High
"TET2,c.3956A>T,p.Glu1319Val",CONSEQUENCE,5,5.0,"MISSENSE, SPLICE REGION"
"TET2,c.3956A>T,p.Glu1319Val",SpliceAI_AG,,0.0,No impact
"TET2,c.3956A>T,p.Glu1319Val",SpliceAI_AL,,0.0,No impact
"TET2,c.3956A>T,p.Glu1319Val",SpliceAI_DG,,0.0,No impact
"TET2,c.3956A>T,p.Glu1319Val",SpliceAI_DL,,0.0,No impact
"TET2,c.3956A>T,p.Glu1319Val",MaxEntScan_AG,,0.0,No impact
"TET2,c.3956A>T,p.Glu1319Val",MaxEntScan_AL,,1000.0,No impact
"TET2,c.3956A>T,p.Glu1319Val",MaxEntScan_DG,7.10,7.1,Intermediate
"TET2,c.3956A>T,p.Glu1319Val",MaxEntScan_DL,,1000.0,No impact
"TET2,c.4535C>T,p.Ala1512Val",CONSEQUENCE,5,5.0,"MISSENSE, SPLICE REGION"
"TET2,c.4535C>T,p.Ala1512Val",SpliceAI_AG,,0.0,No impact
"TET2,c.4535C>T,p.Ala1512Val",SpliceAI_AL,,0.0,No impact
"TET2,c.4535C>T,p.Ala1512Val",SpliceAI_DG,97,97.0,High
"TET2,c.4535C>T,p.Ala1512Val",SpliceAI_DL,75,75.0,Intermediate
"TET2,c.4535C>T,p.Ala1512Val",MaxEntScan_AG,,0.0,No impact
"TET2,c.4535C>T,p.Ala1512Val",MaxEntScan_AL,,1000.0,No impact
"TET2,c.4535C>T,p.Ala1512Val",MaxEntScan_DG,7.03,7.03,Intermediate
"TET2,c.4535C>T,p.Ala1512Val",MaxEntScan_DL,6.62,6.62,Intermediate
"ASXL1,c.1589C>T,p.Ala530Val",CONSEQUENCE,3,3.0,MISSENSE
"ASXL1,c.1589C>T,p.Ala530Val",SpliceAI_AG,,0.0,No impact
"ASXL1,c.1589C>T,p.Ala530Val",SpliceAI_AL,,0.0,No impact
"ASXL1,c.1589C>T,p.Ala530Val",SpliceAI_DG,,0.0,No impact
"ASXL1,c.1589C>T,p.Ala530Val",SpliceAI_DL,,0.0,No impact
"ASXL1,c.1589C>T,p.Ala530Val",MaxEntScan_AG,,0.0,No impact
"ASXL1,c.1589C>T,p.Ala530Val",MaxEntScan_AL,,1000.0,No impact
"ASXL1,c.1589C>T,p.Ala530Val",MaxEntScan_DG,3.48,3.48,Low
"ASXL1,c.1589C>T,p.Ala530Val",MaxEntScan_DL,,1000.0,No impact
"BRAF,c.1780G>A,p.Asp594Asn",CONSEQUENCE,3,3.0,MISSENSE
"BRAF,c.1780G>A,p.Asp594Asn",SpliceAI_AG,,0.0,No impact
"BRAF,c.1780G>A,p.Asp594Asn",SpliceAI_AL,,0.0,No impact
"BRAF,c.1780G>A,p.Asp594Asn",SpliceAI_DG,,0.0,No impact
"BRAF,c.1780G>A,p.Asp594Asn",SpliceAI_DL,,0.0,No impact
"BRAF,c.1780G>A,p.Asp594Asn",MaxEntScan_AG,,0.0,No impact
"BRAF,c.1780G>A,p.Asp594Asn",MaxEntScan_AL,,1000.0,No impact
"BRAF,c.1780G>A,p.Asp594Asn",MaxEntScan_DG,7.27,7.27,Intermediate
"BRAF,c.1780G>A,p.Asp594Asn",MaxEntScan_DL,,1000.0,No impact
"DNMT3A,c.2602T>G,p.Phe868Val",CONSEQUENCE,3,3.0,MISSENSE
"DNMT3A,c.2602T>G,p.Phe868Val",SpliceAI_AG,64,64.0,Intermediate
"DNMT3A,c.2602T>G,p.Phe868Val",SpliceAI_AL,,0.0,No impact
"DNMT3A,c.2602T>G,p.Phe868Val",SpliceAI_DG,,0.0,No impact
"DNMT3A,c.2602T>G,p.Phe868Val",SpliceAI_DL,,0.0,No impact
"DNMT3A,c.2602T>G,p.Phe868Val",MaxEntScan_AG,3.66,3.66,Low
"DNMT3A,c.2602T>G,p.Phe868Val",MaxEntScan_AL,,1000.0,No impact
"DNMT3A,c.2602T>G,p.Phe868Val",MaxEntScan_DG,,0.0,No impact
"DNMT3A,c.2602T>G,p.Phe868Val",MaxEntScan_DL,,1000.0,No impact
"DNMT3A,c.2512A>G,p.Asn838Asp",CONSEQUENCE,3,3.0,MISSENSE
"DNMT3A,c.2512A>G,p.Asn838Asp",SpliceAI_AG,,0.0,No impact
"DNMT3A,c.2512A>G,p.Asn838Asp",SpliceAI_AL,,0.0,No impact
"DNMT3A,c.2512A>G,p.Asn838Asp",SpliceAI_DG,,0.0,No impact
"DNMT3A,c.2512A>G,p.Asn838Asp",SpliceAI_DL,,0.0,No impact
"DNMT3A,c.2512A>G,p.Asn838Asp",MaxEntScan_AG,,0.0,No impact
"DNMT3A,c.2512A>G,p.Asn838Asp",MaxEntScan_AL,,1000.0,No impact
"DNMT3A,c.2512A>G,p.Asn838Asp",MaxEntScan_DG,5.24,5.24,Low
"DNMT3A,c.2512A>G,p.Asn838Asp",MaxEntScan_DL,,1000.0,No impact
"DNMT3A,c.2450A>T,p.Glu817Val",CONSEQUENCE,3,3.0,MISSENSE
"DNMT3A,c.2450A>T,p.Glu817Val",SpliceAI_AG,,0.0,No impact
"DNMT3A,c.2450A>T,p.Glu817Val",SpliceAI_AL,,0.0,No impact
"DNMT3A,c.2450A>T,p.Glu817Val",SpliceAI_DG,42,42.0,Low
"DNMT3A,c.2450A>T,p.Glu817Val",SpliceAI_DL,,0.0,No impact
"DNMT3A,c.2450A>T,p.Glu817Val",MaxEntScan_AG,,0.0,No impact
"DNMT3A,c.2450A>T,p.Glu817Val",MaxEntScan_AL,,1000.0,No impact
"DNMT3A,c.2450A>T,p.Glu817Val",MaxEntScan_DG,6.99,6.99,Intermediate
"DNMT3A,c.2450A>T,p.Glu817Val",MaxEntScan_DL,,1000.0,No impact
"DNMT3A,c.2120G>T,p.Gly707Val",CONSEQUENCE,3,3.0,MISSENSE
"DNMT3A,c.2120G>T,p.Gly707Val",SpliceAI_AG,,0.0,No impact
"DNMT3A,c.2120G>T,p.Gly707Val",SpliceAI_AL,,0.0,No impact
"DNMT3A,c.2120G>T,p.Gly707Val",SpliceAI_DG,,0.0,No impact
"DNMT3A,c.2120G>T,p.Gly707Val",SpliceAI_DL,,0.0,No impact
"DNMT3A,c.2120G>T,p.Gly707Val",MaxEntScan_AG,,0.0,No impact
"DNMT3A,c.2120G>T,p.Gly707Val",MaxEntScan_AL,,1000.0,No impact
"DNMT3A,c.2120G>T,p.Gly707Val",MaxEntScan_DG,3.99,3.99,Low
"DNMT3A,c.2120G>T,p.Gly707Val",MaxEntScan_DL,,1000.0,No impact
"DNMT3A,c.2056G>T,p.Asp686Tyr",CONSEQUENCE,3,3.0,MISSENSE
"DNMT3A,c.2056G>T,p.Asp686Tyr",SpliceAI_AG,,0.0,No impact
"DNMT3A,c.2056G>T,p.Asp686Tyr",SpliceAI_AL,,0.0,No impact
"DNMT3A,c.2056G>T,p.Asp686Tyr",SpliceAI_DG,98,98.0,High
"DNMT3A,c.2056G>T,p.Asp686Tyr",SpliceAI_DL,,0.0,No impact
"DNMT3A,c.2056G>T,p.Asp686Tyr",MaxEntScan_AG,,0.0,No impact
"DNMT3A,c.2056G>T,p.Asp686Tyr",MaxEntScan_AL,,1000.0,No impact
"DNMT3A,c.2056G>T,p.Asp686Tyr",MaxEntScan_DG,9.5,9.5,High
"DNMT3A,c.2056G>T,p.Asp686Tyr",MaxEntScan_DL,,1000.0,No impact
"DNMT3A,c.1904G>A,p.Arg635Gln",CONSEQUENCE,3,3.0,MISSENSE
"DNMT3A,c.1904G>A,p.Arg635Gln",SpliceAI_AG,,0.0,No impact
"DNMT3A,c.1904G>A,p.Arg635Gln",SpliceAI_AL,,0.0,No impact
"DNMT3A,c.1904G>A,p.Arg635Gln",SpliceAI_DG,,0.0,No impact
"DNMT3A,c.1904G>A,p.Arg635Gln",SpliceAI_DL,,0.0,No impact
"DNMT3A,c.1904G>A,p.Arg635Gln",MaxEntScan_AG,,0.0,No impact
"DNMT3A,c.1904G>A,p.Arg635Gln",MaxEntScan_AL,,1000.0,No impact
"DNMT3A,c.1904G>A,p.Arg635Gln",MaxEntScan_DG,4.87,4.87,Low
"DNMT3A,c.1904G>A,p.Arg635Gln",MaxEntScan_DL,,1000.0,No impact
"DNMT3A,c.1640T>G,p.Leu547Arg",CONSEQUENCE,3,3.0,MISSENSE
"DNMT3A,c.1640T>G,p.Leu547Arg",SpliceAI_AG,,0.0,No impact
"DNMT3A,c.1640T>G,p.Leu547Arg",SpliceAI_AL,,0.0,No impact
"DNMT3A,c.1640T>G,p.Leu547Arg",SpliceAI_DG,,0.0,No impact
"DNMT3A,c.1640T>G,p.Leu547Arg",SpliceAI_DL,,0.0,No impact
"DNMT3A,c.1640T>G,p.Leu547Arg",MaxEntScan_AG,,0.0,No impact
"DNMT3A,c.1640T>G,p.Leu547Arg",MaxEntScan_AL,,1000.0,No impact
"DNMT3A,c.1640T>G,p.Leu547Arg",MaxEntScan_DG,7.52,7.52,Intermediate
"DNMT3A,c.1640T>G,p.Leu547Arg",MaxEntScan_DL,,1000.0,No impact
"DNMT3A,c.1489T>G,p.Cys497Gly",CONSEQUENCE,3,3.0,MISSENSE
"DNMT3A,c.1489T>G,p.Cys497Gly",SpliceAI_AG,,0.0,No impact
"DNMT3A,c.1489T>G,p.Cys497Gly",SpliceAI_AL,,0.0,No impact
"DNMT3A,c.1489T>G,p.Cys497Gly",SpliceAI_DG,,0.0,No impact
"DNMT3A,c.1489T>G,p.Cys497Gly",SpliceAI_DL,,0.0,No impact
"DNMT3A,c.1489T>G,p.Cys497Gly",MaxEntScan_AG,,0.0,No impact
"DNMT3A,c.1489T>G,p.Cys497Gly",MaxEntScan_AL,,1000.0,No impact
"DNMT3A,c.1489T>G,p.Cys497Gly",MaxEntScan_DG,5.27,5.27,Low
"DNMT3A,c.1489T>G,p.Cys497Gly",MaxEntScan_DL,,1000.0,No impact
"DNMT3A,c.920C>T,p.Pro307Leu",CONSEQUENCE,3,3.0,MISSENSE
"DNMT3A,c.920C>T,p.Pro307Leu",SpliceAI_AG,21,21.0,Low
"DNMT3A,c.920C>T,p.Pro307Leu",SpliceAI_AL,,0.0,No impact
"DNMT3A,c.920C>T,p.Pro307Leu",SpliceAI_DG,,0.0,No impact
"DNMT3A,c.920C>T,p.Pro307Leu",SpliceAI_DL,,0.0,No impact
"DNMT3A,c.920C>T,p.Pro307Leu",MaxEntScan_AG,,0.0,No impact
"DNMT3A,c.920C>T,p.Pro307Leu",MaxEntScan_AL,,1000.0,No impact
"DNMT3A,c.920C>T,p.Pro307Leu",MaxEntScan_DG,,0.0,No impact
"DNMT3A,c.920C>T,p.Pro307Leu",MaxEntScan_DL,,1000.0,No impact
"EP300,c.3601T>C,p.Cys1201Arg",CONSEQUENCE,3,3.0,MISSENSE
"EP300,c.3601T>C,p.Cys1201Arg",SpliceAI_AG,,0.0,No impact
"EP300,c.3601T>C,p.Cys1201Arg",SpliceAI_AL,,0.0,No impact
"EP300,c.3601T>C,p.Cys1201Arg",SpliceAI_DG,,0.0,No impact
"EP300,c.3601T>C,p.Cys1201Arg",SpliceAI_DL,,0.0,No impact
"EP300,c.3601T>C,p.Cys1201Arg",MaxEntScan_AG,,0.0,No impact
"EP300,c.3601T>C,p.Cys1201Arg",MaxEntScan_AL,,1000.0,No impact
"EP300,c.3601T>C,p.Cys1201Arg",MaxEntScan_DG,3.71,3.71,Low
"EP300,c.3601T>C,p.Cys1201Arg",MaxEntScan_DL,,1000.0,No impact
"EZH2,c.1642T>C, p.Cys548Arg",CONSEQUENCE,3,3.0,MISSENSE
"EZH2,c.1642T>C, p.Cys548Arg",SpliceAI_AG,,0.0,No impact
"EZH2,c.1642T>C, p.Cys548Arg",SpliceAI_AL,,0.0,No impact
"EZH2,c.1642T>C, p.Cys548Arg",SpliceAI_DG,23,23.0,Low
"EZH2,c.1642T>C, p.Cys548Arg",SpliceAI_DL,,0.0,No impact
"EZH2,c.1642T>C, p.Cys548Arg",MaxEntScan_AG,,0.0,No impact
"EZH2,c.1642T>C, p.Cys548Arg",MaxEntScan_AL,,1000.0,No impact
"EZH2,c.1642T>C, p.Cys548Arg",MaxEntScan_DG,,0.0,No impact
"EZH2,c.1642T>C, p.Cys548Arg",MaxEntScan_DL,,1000.0,No impact
"EZH2,c.1991A>T,p.Asp664Val",CONSEQUENCE,3,3.0,MISSENSE
"EZH2,c.1991A>T,p.Asp664Val",SpliceAI_AG,,0.0,No impact
"EZH2,c.1991A>T,p.Asp664Val",SpliceAI_AL,,0.0,No impact
"EZH2,c.1991A>T,p.Asp664Val",SpliceAI_DG,23,23.0,Low
"EZH2,c.1991A>T,p.Asp664Val",SpliceAI_DL,,0.0,No impact
"EZH2,c.1991A>T,p.Asp664Val",MaxEntScan_AG,,0.0,No impact
"EZH2,c.1991A>T,p.Asp664Val",MaxEntScan_AL,,1000.0,No impact
"EZH2,c.1991A>T,p.Asp664Val",MaxEntScan_DG,4.8,4.8,Low
"EZH2,c.1991A>T,p.Asp664Val",MaxEntScan_DL,,1000.0,No impact
"FLT3,c.2523C>A,p.Asn841Lys",CONSEQUENCE,3,3.0,MISSENSE
"FLT3,c.2523C>A,p.Asn841Lys",SpliceAI_AG,,0.0,No impact
"FLT3,c.2523C>A,p.Asn841Lys",SpliceAI_AL,,0.0,No impact
"FLT3,c.2523C>A,p.Asn841Lys",SpliceAI_DG,,0.0,No impact
"FLT3,c.2523C>A,p.Asn841Lys",SpliceAI_DL,24,24.0,Low
"FLT3,c.2523C>A,p.Asn841Lys",MaxEntScan_AG,,0.0,No impact
"FLT3,c.2523C>A,p.Asn841Lys",MaxEntScan_AL,,1000.0,No impact
"FLT3,c.2523C>A,p.Asn841Lys",MaxEntScan_DG,,0.0,No impact
"FLT3,c.2523C>A,p.Asn841Lys",MaxEntScan_DL,,1000.0,No impact
"FLT3,c.2512A>G,p.Ser838Gly",CONSEQUENCE,3,3.0,MISSENSE
"FLT3,c.2512A>G,p.Ser838Gly",SpliceAI_AG,,0.0,No impact
"FLT3,c.2512A>G,p.Ser838Gly",SpliceAI_AL,,0.0,No impact
"FLT3,c.2512A>G,p.Ser838Gly",SpliceAI_DG,37,37.0,Low
"FLT3,c.2512A>G,p.Ser838Gly",SpliceAI_DL,,0.0,No impact
"FLT3,c.2512A>G,p.Ser838Gly",MaxEntScan_AG,,0.0,No impact
"FLT3,c.2512A>G,p.Ser838Gly",MaxEntScan_AL,,1000.0,No impact
"FLT3,c.2512A>G,p.Ser838Gly",MaxEntScan_DG,,0.0,No impact
"FLT3,c.2512A>G,p.Ser838Gly",MaxEntScan_DL,,1000.0,No impact
"FLT3,c.2343T>G,p.Asn781Lys",CONSEQUENCE,3,3.0,MISSENSE
"FLT3,c.2343T>G,p.Asn781Lys",SpliceAI_AG,,0.0,No impact
"FLT3,c.2343T>G,p.Asn781Lys",SpliceAI_AL,,0.0,No impact
"FLT3,c.2343T>G,p.Asn781Lys",SpliceAI_DG,23,23.0,Low
"FLT3,c.2343T>G,p.Asn781Lys",SpliceAI_DL,,0.0,No impact
"FLT3,c.2343T>G,p.Asn781Lys",MaxEntScan_AG,,0.0,No impact
"FLT3,c.2343T>G,p.Asn781Lys",MaxEntScan_AL,,1000.0,No impact
"FLT3,c.2343T>G,p.Asn781Lys",MaxEntScan_DG,4.72,4.72,Low
"FLT3,c.2343T>G,p.Asn781Lys",MaxEntScan_DL,,1000.0,No impact
"IDH1,c.394C>T,p.Arg132Cys",CONSEQUENCE,3,3.0,MISSENSE
"IDH1,c.394C>T,p.Arg132Cys",SpliceAI_AG,,0.0,No impact
"IDH1,c.394C>T,p.Arg132Cys",SpliceAI_AL,,0.0,No impact
"IDH1,c.394C>T,p.Arg132Cys",SpliceAI_DG,51,51.0,Intermediate
"IDH1,c.394C>T,p.Arg132Cys",SpliceAI_DL,32,32.0,Low
"IDH1,c.394C>T,p.Arg132Cys",MaxEntScan_AG,,0.0,No impact
"IDH1,c.394C>T,p.Arg132Cys",MaxEntScan_AL,,1000.0,No impact
"IDH1,c.394C>T,p.Arg132Cys",MaxEntScan_DG,,0.0,No impact
"IDH1,c.394C>T,p.Arg132Cys",MaxEntScan_DL,,1000.0,No impact
"IDH1,c.394C>G,p.Arg132Gly",CONSEQUENCE,3,3.0,MISSENSE
"IDH1,c.394C>G,p.Arg132Gly",SpliceAI_AG,,0.0,No impact
"IDH1,c.394C>G,p.Arg132Gly",SpliceAI_AL,,0.0,No impact
"IDH1,c.394C>G,p.Arg132Gly",SpliceAI_DG,30,30.0,Low
"IDH1,c.394C>G,p.Arg132Gly",SpliceAI_DL,,0.0,No impact
"IDH1,c.394C>G,p.Arg132Gly",MaxEntScan_AG,,0.0,No impact
"IDH1,c.394C>G,p.Arg132Gly",MaxEntScan_AL,,1000.0,No impact
"IDH1,c.394C>G,p.Arg132Gly",MaxEntScan_DG,,0.0,No impact
"IDH1,c.394C>G,p.Arg132Gly",MaxEntScan_DL,,1000.0,No impact
"IDH1,c.394C>A,p.Arg132Ser",CONSEQUENCE,3,3.0,MISSENSE
"IDH1,c.394C>A,p.Arg132Ser",SpliceAI_AG,,0.0,No impact
"IDH1,c.394C>A,p.Arg132Ser",SpliceAI_AL,,0.0,No impact
"IDH1,c.394C>A,p.Arg132Ser",SpliceAI_DG,61,61.0,Intermediate
"IDH1,c.394C>A,p.Arg132Ser",SpliceAI_DL,48,48.0,Low
"IDH1,c.394C>A,p.Arg132Ser",MaxEntScan_AG,,0.0,No impact
"IDH1,c.394C>A,p.Arg132Ser",MaxEntScan_AL,,1000.0,No impact
"IDH1,c.394C>A,p.Arg132Ser",MaxEntScan_DG,3.06,3.06,Low
"IDH1,c.394C>A,p.Arg132Ser",MaxEntScan_DL,,1000.0,No impact
"KRAS,c.38G>A,p.Gly13Asp",CONSEQUENCE,3,3.0,MISSENSE
"KRAS,c.38G>A,p.Gly13Asp",SpliceAI_AG,,0.0,No impact
"KRAS,c.38G>A,p.Gly13Asp",SpliceAI_AL,,0.0,No impact
"KRAS,c.38G>A,p.Gly13Asp",SpliceAI_DG,,0.0,No impact
"KRAS,c.38G>A,p.Gly13Asp",SpliceAI_DL,,0.0,No impact
"KRAS,c.38G>A,p.Gly13Asp",MaxEntScan_AG,,0.0,No impact
"KRAS,c.38G>A,p.Gly13Asp",MaxEntScan_AL,,1000.0,No impact
"KRAS,c.38G>A,p.Gly13Asp",MaxEntScan_DG,3.52,3.52,Low
"KRAS,c.38G>A,p.Gly13Asp",MaxEntScan_DL,,1000.0,No impact
"NRAS,c.38G>A,p.Gly13Asp",CONSEQUENCE,3,3.0,MISSENSE
"NRAS,c.38G>A,p.Gly13Asp",SpliceAI_AG,,0.0,No impact
"NRAS,c.38G>A,p.Gly13Asp",SpliceAI_AL,,0.0,No impact
"NRAS,c.38G>A,p.Gly13Asp",SpliceAI_DG,,0.0,No impact
"NRAS,c.38G>A,p.Gly13Asp",SpliceAI_DL,,0.0,No impact
"NRAS,c.38G>A,p.Gly13Asp",MaxEntScan_AG,,0.0,No impact
"NRAS,c.38G>A,p.Gly13Asp",MaxEntScan_AL,,1000.0,No impact
"NRAS,c.38G>A,p.Gly13Asp",MaxEntScan_DG,5.99,5.99,Low
"NRAS,c.38G>A,p.Gly13Asp",MaxEntScan_DL,,1000.0,No impact
"PHF6,c.824G>T,p.Gly275Val",CONSEQUENCE,3,3.0,MISSENSE
"PHF6,c.824G>T,p.Gly275Val",SpliceAI_AG,,0.0,No impact
"PHF6,c.824G>T,p.Gly275Val",SpliceAI_AL,,0.0,No impact
"PHF6,c.824G>T,p.Gly275Val",SpliceAI_DG,28,28.0,Low
"PHF6,c.824G>T,p.Gly275Val",SpliceAI_DL,,0.0,No impact
"PHF6,c.824G>T,p.Gly275Val",MaxEntScan_AG,,0.0,No impact
"PHF6,c.824G>T,p.Gly275Val",MaxEntScan_AL,,1000.0,No impact
"PHF6,c.824G>T,p.Gly275Val",MaxEntScan_DG,,0.0,No impact
"PHF6,c.824G>T,p.Gly275Val",MaxEntScan_DL,,1000.0,No impact
"PTPN11,c.181G>A,p.Asp61Asn",CONSEQUENCE,3,3.0,MISSENSE
"PTPN11,c.181G>A,p.Asp61Asn",SpliceAI_AG,,0.0,No impact
"PTPN11,c.181G>A,p.Asp61Asn",SpliceAI_AL,,0.0,No impact
"PTPN11,c.181G>A,p.Asp61Asn",SpliceAI_DG,,0.0,No impact
"PTPN11,c.181G>A,p.Asp61Asn",SpliceAI_DL,,0.0,No impact
"PTPN11,c.181G>A,p.Asp61Asn",MaxEntScan_AG,,0.0,No impact
"PTPN11,c.181G>A,p.Asp61Asn",MaxEntScan_AL,,1000.0,No impact
"PTPN11,c.181G>A,p.Asp61Asn",MaxEntScan_DG,5.99,5.99,Low
"PTPN11,c.181G>A,p.Asp61Asn",MaxEntScan_DL,,1000.0,No impact
"PTPN11,c.236A>G,p.Gln79Arg",CONSEQUENCE,3,3.0,MISSENSE
"PTPN11,c.236A>G,p.Gln79Arg",SpliceAI_AG,,0.0,No impact
"PTPN11,c.236A>G,p.Gln79Arg",SpliceAI_AL,,0.0,No impact
"PTPN11,c.236A>G,p.Gln79Arg",SpliceAI_DG,,0.0,No impact
"PTPN11,c.236A>G,p.Gln79Arg",SpliceAI_DL,,0.0,No impact
"PTPN11,c.236A>G,p.Gln79Arg",MaxEntScan_AG,,0.0,No impact
"PTPN11,c.236A>G,p.Gln79Arg",MaxEntScan_AL,,1000.0,No impact
"PTPN11,c.236A>G,p.Gln79Arg",MaxEntScan_DG,3.61,3.61,Low
"PTPN11,c.236A>G,p.Gln79Arg",MaxEntScan_DL,,1000.0,No impact
"PTPN11,c.1508G>T,p.Gly503Val",CONSEQUENCE,3,3.0,MISSENSE
"PTPN11,c.1508G>T,p.Gly503Val",SpliceAI_AG,,0.0,No impact
"PTPN11,c.1508G>T,p.Gly503Val",SpliceAI_AL,,0.0,No impact
"PTPN11,c.1508G>T,p.Gly503Val",SpliceAI_DG,,0.0,No impact
"PTPN11,c.1508G>T,p.Gly503Val",SpliceAI_DL,,0.0,No impact
"PTPN11,c.1508G>T,p.Gly503Val",MaxEntScan_AG,,0.0,No impact
"PTPN11,c.1508G>T,p.Gly503Val",MaxEntScan_AL,,1000.0,No impact
"PTPN11,c.1508G>T,p.Gly503Val",MaxEntScan_DG,7.7,7.7,Intermediate
"PTPN11,c.1508G>T,p.Gly503Val",MaxEntScan_DL,,1000.0,No impact
"RUNX1,c.497G>T,p.Arg166Leu",CONSEQUENCE,3,3.0,MISSENSE
"RUNX1,c.497G>T,p.Arg166Leu",SpliceAI_AG,,0.0,No impact
"RUNX1,c.497G>T,p.Arg166Leu",SpliceAI_AL,,0.0,No impact
"RUNX1,c.497G>T,p.Arg166Leu",SpliceAI_DG,25,25.0,Low
"RUNX1,c.497G>T,p.Arg166Leu",SpliceAI_DL,,0.0,No impact
"RUNX1,c.497G>T,p.Arg166Leu",MaxEntScan_AG,,0.0,No impact
"RUNX1,c.497G>T,p.Arg166Leu",MaxEntScan_AL,,1000.0,No impact
"RUNX1,c.497G>T,p.Arg166Leu",MaxEntScan_DG,,0.0,No impact
"RUNX1,c.497G>T,p.Arg166Leu",MaxEntScan_DL,,1000.0,No impact
"SF3B1,c.2342A>G,p.Asp781Gly",CONSEQUENCE,3,3.0,MISSENSE
"SF3B1,c.2342A>G,p.Asp781Gly",SpliceAI_AG,,0.0,No impact
"SF3B1,c.2342A>G,p.Asp781Gly",SpliceAI_AL,,0.0,No impact
"SF3B1,c.2342A>G,p.Asp781Gly",SpliceAI_DG,,0.0,No impact
"SF3B1,c.2342A>G,p.Asp781Gly",SpliceAI_DL,,0.0,No impact
"SF3B1,c.2342A>G,p.Asp781Gly",MaxEntScan_AG,,0.0,No impact
"SF3B1,c.2342A>G,p.Asp781Gly",MaxEntScan_AL,,1000.0,No impact
"SF3B1,c.2342A>G,p.Asp781Gly",MaxEntScan_DG,8.3,8.3,Intermediate
"SF3B1,c.2342A>G,p.Asp781Gly",MaxEntScan_DL,,1000.0,No impact
"TET2,c.3590A>G,p.Lys1197Arg",CONSEQUENCE,3,3.0,MISSENSE
"TET2,c.3590A>G,p.Lys1197Arg",SpliceAI_AG,,0.0,No impact
"TET2,c.3590A>G,p.Lys1197Arg",SpliceAI_AL,,0.0,No impact
"TET2,c.3590A>G,p.Lys1197Arg",SpliceAI_DG,89,89.0,High
"TET2,c.3590A>G,p.Lys1197Arg",SpliceAI_DL,,0.0,No impact
"TET2,c.3590A>G,p.Lys1197Arg",MaxEntScan_AG,,0.0,No impact
"TET2,c.3590A>G,p.Lys1197Arg",MaxEntScan_AL,,1000.0,No impact
"TET2,c.3590A>G,p.Lys1197Arg",MaxEntScan_DG,5.56,5.56,Low
"TET2,c.3590A>G,p.Lys1197Arg",MaxEntScan_DL,,1000.0,No impact
"TET2,c.3791C>T,p.Ala1264Val",CONSEQUENCE,3,3.0,MISSENSE
"TET2,c.3791C>T,p.Ala1264Val",SpliceAI_AG,,0.0,No impact
"TET2,c.3791C>T,p.Ala1264Val",SpliceAI_AL,,0.0,No impact
"TET2,c.3791C>T,p.Ala1264Val",SpliceAI_DG,20,20.0,No impact
"TET2,c.3791C>T,p.Ala1264Val",SpliceAI_DL,,0.0,No impact
"TET2,c.3791C>T,p.Ala1264Val",MaxEntScan_AG,,0.0,No impact
"TET2,c.3791C>T,p.Ala1264Val",MaxEntScan_AL,,1000.0,No impact
"TET2,c.3791C>T,p.Ala1264Val",MaxEntScan_DG,6.56,6.56,Intermediate
"TET2,c.3791C>T,p.Ala1264Val",MaxEntScan_DL,,1000.0,No impact
"TET2,c.3894T>G,p.Cys1298Trp",CONSEQUENCE,3,3.0,MISSENSE
"TET2,c.3894T>G,p.Cys1298Trp",SpliceAI_AG,,0.0,No impact
"TET2,c.3894T>G,p.Cys1298Trp",SpliceAI_AL,,0.0,No impact
"TET2,c.3894T>G,p.Cys1298Trp",SpliceAI_DG,,0.0,No impact
"TET2,c.3894T>G,p.Cys1298Trp",SpliceAI_DL,70,70.0,Intermediate
"TET2,c.3894T>G,p.Cys1298Trp",MaxEntScan_AG,,0.0,No impact
"TET2,c.3894T>G,p.Cys1298Trp",MaxEntScan_AL,,1000.0,No impact
"TET2,c.3894T>G,p.Cys1298Trp",MaxEntScan_DG,,0.0,No impact
"TET2,c.3894T>G,p.Cys1298Trp",MaxEntScan_DL,1.47,1.47,High
"TET2,c.3897G>C,p.Lys1299Asn",CONSEQUENCE,3,3.0,MISSENSE
"TET2,c.3897G>C,p.Lys1299Asn",SpliceAI_AG,,0.0,No impact
"TET2,c.3897G>C,p.Lys1299Asn",SpliceAI_AL,,0.0,No impact
"TET2,c.3897G>C,p.Lys1299Asn",SpliceAI_DG,,0.0,No impact
"TET2,c.3897G>C,p.Lys1299Asn",SpliceAI_DL,70,70.0,Intermediate
"TET2,c.3897G>C,p.Lys1299Asn",MaxEntScan_AG,,0.0,No impact
"TET2,c.3897G>C,p.Lys1299Asn",MaxEntScan_AL,,1000.0,No impact
"TET2,c.3897G>C,p.Lys1299Asn",MaxEntScan_DG,,0.0,No impact
"TET2,c.3897G>C,p.Lys1299Asn",MaxEntScan_DL,6.09,6.09,High
"TET2,c.4334A>G,p.Gln1445Arg",CONSEQUENCE,3,3.0,MISSENSE
"TET2,c.4334A>G,p.Gln1445Arg",SpliceAI_AG,,0.0,No impact
"TET2,c.4334A>G,p.Gln1445Arg",SpliceAI_AL,,0.0,No impact
"TET2,c.4334A>G,p.Gln1445Arg",SpliceAI_DG,49,49.0,Low
"TET2,c.4334A>G,p.Gln1445Arg",SpliceAI_DL,,0.0,No impact
"TET2,c.4334A>G,p.Gln1445Arg",MaxEntScan_AG,,0.0,No impact
"TET2,c.4334A>G,p.Gln1445Arg",MaxEntScan_AL,,1000.0,No impact
"TET2,c.4334A>G,p.Gln1445Arg",MaxEntScan_DG,,0.0,No impact
"TET2,c.4334A>G,p.Gln1445Arg",MaxEntScan_DL,5.43,5.43,High
"TET2,c.5711A>G,p.His1904Arg",CONSEQUENCE,3,3.0,MISSENSE
"TET2,c.5711A>G,p.His1904Arg",SpliceAI_AG,,0.0,No impact
"TET2,c.5711A>G,p.His1904Arg",SpliceAI_AL,,0.0,No impact
"TET2,c.5711A>G,p.His1904Arg",SpliceAI_DG,,0.0,No impact
"TET2,c.5711A>G,p.His1904Arg",SpliceAI_DL,,0.0,No impact
"TET2,c.5711A>G,p.His1904Arg",MaxEntScan_AG,,0.0,No impact
"TET2,c.5711A>G,p.His1904Arg",MaxEntScan_AL,,1000.0,No impact
"TET2,c.5711A>G,p.His1904Arg",MaxEntScan_DG,6.21,6.21,Intermediate
"TET2,c.5711A>G,p.His1904Arg",MaxEntScan_DL,,1000.0,No impact
"TP53,c.659A>G,p.Tyr220Cys",CONSEQUENCE,3,3.0,MISSENSE
"TP53,c.659A>G,p.Tyr220Cys",SpliceAI_AG,,0.0,No impact
"TP53,c.659A>G,p.Tyr220Cys",SpliceAI_AL,,0.0,No impact
"TP53,c.659A>G,p.Tyr220Cys",SpliceAI_DG,,0.0,No impact
"TP53,c.659A>G,p.Tyr220Cys",SpliceAI_DL,,0.0,No impact
"TP53,c.659A>G,p.Tyr220Cys",MaxEntScan_AG,,0.0,No impact
"TP53,c.659A>G,p.Tyr220Cys",MaxEntScan_AL,,1000.0,No impact
"TP53,c.659A>G,p.Tyr220Cys",MaxEntScan_DG,3.28,3.28,Low
"TP53,c.659A>G,p.Tyr220Cys",MaxEntScan_DL,,1000.0,No impact
"TP53,c.395A>G,p.Lys132Arg",CONSEQUENCE,3,3.0,MISSENSE
"TP53,c.395A>G,p.Lys132Arg",SpliceAI_AG,23,23.0,Low
"TP53,c.395A>G,p.Lys132Arg",SpliceAI_AL,,0.0,No impact
"TP53,c.395A>G,p.Lys132Arg",SpliceAI_DG,,0.0,No impact
"TP53,c.395A>G,p.Lys132Arg",SpliceAI_DL,,0.0,No impact
"TP53,c.395A>G,p.Lys132Arg",MaxEntScan_AG,,0.0,No impact
"TP53,c.395A>G,p.Lys132Arg",MaxEntScan_AL,,1000.0,No impact
"TP53,c.395A>G,p.Lys132Arg",MaxEntScan_DG,,0.0,No impact
"TP53,c.395A>G,p.Lys132Arg",MaxEntScan_DL,,1000.0,No impact
"U2AF1,c.470A>G,p.Gln157Arg",CONSEQUENCE,3,3.0,MISSENSE
"U2AF1,c.470A>G,p.Gln157Arg",SpliceAI_AG,,0.0,No impact
"U2AF1,c.470A>G,p.Gln157Arg",SpliceAI_AL,,0.0,No impact
"U2AF1,c.470A>G,p.Gln157Arg",SpliceAI_DG,79,79.0,Intermediate
"U2AF1,c.470A>G,p.Gln157Arg",SpliceAI_DL,,0.0,No impact
"U2AF1,c.470A>G,p.Gln157Arg",MaxEntScan_AG,,0.0,No impact
"U2AF1,c.470A>G,p.Gln157Arg",MaxEntScan_AL,,1000.0,No impact
"U2AF1,c.470A>G,p.Gln157Arg",MaxEntScan_DG,7.72,7.72,Intermediate
"U2AF1,c.470A>G,p.Gln157Arg",MaxEntScan_DL,,1000.0,No impact
