TYPE	ID	MutationKey_Hg38	RNAMut_formatHg38	VAF	DEPTH	hg19	hg38	Consequence	IMPACT	SYMBOL	EXON	INTRON	HGVSc	HGVSp	CLASSIFICATION	gnomADe_AF	Prediction_merged	Prediction_1	Prediction_2	Predictors_numb	Predictors	MINIGENE	RNA.seq	SpliceAI_pred_DP_AG	SpliceAI_pred_DP_AL	SpliceAI_pred_DP_DG	SpliceAI_pred_DP_DL	SpliceAI_pred_DS_AG	SpliceAI_pred_DS_AL	SpliceAI_pred_DS_DG	SpliceAI_pred_DS_DL	SpliceAI_pred_SYMBOL	MaxEntScan_alt	MaxEntScan_diff	MaxEntScan_ref	Motif	New.splice.site	Wild.Type	Mutant	Variation....	Motif.1	New.splice.site.1	Wild.Type.1	Mutant.1	Variation.....1
Sub	1-115258744-C-T	chr1,114716123,C,T	chr1:114716123-114716123_Sub:C>T	14	380	1:g.115258744C>T	1:g.114716123C>T	missense_variant	MODERATE	NRAS	2/7	-	ENST00000369535.4:c.38G>A	ENSP00000358548.4:p.Gly13Asp	ONCOGENIC	0,003976	DG	DG		1	MaxEntScan		YES	3	-29	4	30	0	0	1	0	NRAS	-	-	-	CAGgtggtg 	CAGgtgatg	1.16	5.99	416.38			NA	NA	NA
Sub	11-119148874-A-T	chr11,119278164,A,T	chr11:119278164-119278164_Sub:A>T	39	82	11:g.119148874A>T	11:g.119278164A>T	splice_acceptor_variant	HIGH	CBL	-	7/15	ENST00000264033.4:c.1096-2A>T	-	POSSIBLE	-	AL	AL		2	SpliceAI, MaxEntScan		YES	26	2	5	20	3	99	0	0	CBL	-3640	8367	4727	ttaattttttttaatcaaagGAA	ttaattttttttaatcaatgGAA	4.73	-3.63	-176.74			NA	NA	NA
Sub	11-119148875-G-C	chr11,119278165,G,C	chr11:119278165-119278165_Sub:G>C	91.8	98	11:g.119148875G>C	11:g.119278165G>C	splice_acceptor_variant	HIGH	CBL	-	7/15	ENST00000264033.4:c.1096-1G>C	-	POSSIBLE	-	AL	AL		2	SpliceAI, MaxEntScan		YES	25	1	5	19	3	99	0	0	CBL	-3337	8064	4727	ttaattttttttaatcaaagGAA	ttaattttttttaatcaaacGAA	4.73	-3.33	-170.4			NA	NA	NA
Sub	11-119149219-G-A	chr11,119278509,G,A	chr11:119278509-119278509_Sub:G>A	53.9	178	11:g.119149219G>A	11:g.119278509G>A	splice_acceptor_variant	HIGH	CBL	-	8/15	ENST00000264033.4:c.1228-1G>A	-	ONCOGENIC	-	AL, AG	AL	 AG	2	SpliceAI, MaxEntScan			2	1	8	46	86	100	0	0	CBL	1909	8750	10660	atcttttgcttcttctgcagGAA	atcttttgcttcttctgcaaGAA	10.66	1.91	-82.08	tcttttgcttcttctgcaggAAT	tcttttgcttcttctgcaagAAT	-4.05	3.9	196.3
Sub	11-32414242-G-A	chr11,32392696,G,A	chr11:32392696-32392696_Sub:G>A	42.4	255	11:g.32414242G>A	11:g.32392696G>A	stop_gained	HIGH	WT1	8/10	-	ENST00000332351.3:c.1309C>T	ENSP00000331327.3:p.Gln437Ter	ONCOGENIC	-	DL	DL		1	SpliceAI		YES	-30	2	2	-30	0	0	0	22	WT1	-	-	-	-	-	-	-	-			NA	NA	NA
Sub	11-32417910-G-T	chr11,32396364,G,T	chr11:32396364-32396364_Sub:G>T	24.7	85	11:g.32417910G>T	11:g.32396364G>T	stop_gained	HIGH	WT1	7/10	-	ENST00000332351.3:c.1142C>A	ENSP00000331327.3:p.Ser381Ter	ONCOGENIC	-	AL (SpliceAI), DG	AL (SpliceAI)	 DG	2	SpliceAI, MaxEntScan	YES	YES	3	43	3	-14	0	22	29	0	WT1	-	-	-	 ACGgtcggc	ACGgtaggc 	3.38	8.81	160.65			NA	NA	NA
Sub	12-112888165-G-A	chr12,112450361,G,A	chr12:112450361-112450361_Sub:G>A	35.5	138	12:g.112888165G>A	12:g.112450361G>A	missense_variant	MODERATE	PTPN11	3/16	-	ENST00000351677.2:c.181G>A	ENSP00000340944.2:p.Asp61Asn	ONCOGENIC	-	DG	DG		1	MaxEntScan			-15	-40	-3	13	0	0	6	0	PTPN11	-	-	-	CTGgtgatt	CTGgtaatt	3.02	5.99	98.34			NA	NA	NA
Sub	12-112888220-A-G	chr12,112450416,A,G	chr12:112450416-112450416_Sub:A>G	8.47	189	12:g.112888220A>G	12:g.112450416A>G	missense_variant	MODERATE	PTPN11	3/16	-	ENST00000351677.2:c.236A>G	ENSP00000340944.2:p.Gln79Arg	ONCOGENIC	-	DG	DG		1	MaxEntScan			38	2	0	-42	0	0	0	0	PTPN11	-	-	-	CCAgtatta	 CCGgtatta	-6.08	3.61	159.38			NA	NA	NA
Sub	12-112926888-G-T	chr12,112489084,G,T	chr12:112489084-112489084_Sub:G>T	17.9	375	12:g.112926888G>T	12:g.112489084G>T	missense_variant	MODERATE	PTPN11	13/16	-	ENST00000351677.2:c.1508G>T	ENSP00000340944.2:p.Gly503Val	ONCOGENIC	-	DG	DG		1	MaxEntScan	YES	YES	-22	50	-6	21	0	0	19	0	PTPN11	-	-	-	GAGgtcagg	GAGgtcagt	4.94	7.7	55.87			NA	NA	NA
Sub	12-12006360-G-T	chr12,11853426,G,T	chr12:11853426-11853426_Sub:G>T	44.9	265	12:g.12006360G>T	12:g.11853426G>T	splice_acceptor_variant	HIGH	ETV6	-	3/7	ENST00000396373.4:c.329-1G>T	-	POSSIBLE	-	AL	AL		2	SpliceAI, MaxEntScan			27	1	27	0	12	100	0	0	ETV6	5083	8598	13682	cctttcctttttctttccagGTG	cctttcctttttctttccatGTG	13.68	5.08	-62.87			NA	NA	NA
Sub	12-25398281-C-T	chr12,25245347,C,T	chr12:25245347-25245347_Sub:C>T	5.96	235	12:g.25398281C>T	12:g.25245347C>T	missense_variant	MODERATE	KRAS	2/6	-	ENST00000256078.4:c.38G>A	ENSP00000256078.4:p.Gly13Asp	ONCOGENIC	0	DG	DG		1	MaxEntScan		YES	48	-44	-1	48	0	0	0	0	KRAS	-	-	-	GGCgtaggc	GACgtaggc	-0.29	3.52	1313.79			NA	NA	NA
Sub	12-440985-C-T	chr12,331819,C,T	chr12:331819-331819_Sub:C>T	12.7	394	12:g.440985C>T	12:g.331819C>T	stop_gained,splice_region_variant	HIGH	KDM5A	13/28	-	ENST00000399788.2:c.1773G>A	ENSP00000382688.2:p.Trp591Ter	ONCOGENIC	-	DL	DL		2	SpliceAI, MaxEntScan			-25	44	43	0	0	0	0	81	KDM5A	-7582	8416	834	-	-	-	-	-			NA	NA	NA
Sub	12-49415846-G-A	chr12,49022063,G,A	chr12:49022063-49022063_Sub:G>A	9.74	154	12:g.49415846G>A	12:g.49022063G>A	stop_gained	HIGH	KMT2D	53/54	-	ENST00000301067.7:c.16501C>T	ENSP00000301067.7:p.Arg5501Ter	ONCOGENIC	-	DG	DG		1	MaxEntScan		YES	29	47	2	-30	0	0	4	0	KMT2D	-	-	-	 CCGgcgaat	CCGgtgaat	-2.86	4.89	+270.98			NA	NA	NA
Sub	12-49425038-G-A	chr12,49031255,G,A	chr12:49031255-49031255_Sub:G>A	27.3	44	12:g.49425038G>A	12:g.49031255G>A	stop_gained	HIGH	KMT2D	39/54	-	ENST00000301067.7:c.13450C>T	ENSP00000301067.7:p.Arg4484Ter	ONCOGENIC	0,004022	DG	DG		1	MaxEntScan		YES	-29	39	2	-7	0	0	0	0	KMT2D	-	-	-	GCTgcgagc	GCTgtgagc	-4.56	3.20	+170.18			NA	NA	NA
Sub	12-49427537-G-A	chr12,49033754,G,A	chr12:49033754-49033754_Sub:G>A	17.2	29	12:g.49427537G>A	12:g.49033754G>A	stop_gained	HIGH	KMT2D	39/54	-	ENST00000301067.7:c.10951C>T	ENSP00000301067.7:p.Gln3651Ter	ONCOGENIC	-	DG	DG		1	MaxEntScan			2	48	2	-30	0	0	11	0	KMT2D	-	-	-	TGGgcaagc	TGGgtaagc	1.08	8.84	+718.52	CGGgtgggc	CGGgtgggt	5.01	6.14	22.55
Sub	12-49434880-C-A	chr12,49041097,C,A	chr12:49041097-49041097_Sub:C>A	53.9	13	12:g.49434880C>A	12:g.49041097C>A	stop_gained	HIGH	KMT2D	31/54	-	ENST00000301067.7:c.6673G>T	ENSP00000301067.7:p.Glu2225Ter	ONCOGENIC	-	DG	DG		1	MaxEntScan			2	6	2	-29	0	0	5	0	KMT2D	-	-	-	AGGggaatt	AGGgtaatt	-1.02	6.62	+749.02			NA	NA	NA
Sub	12-49443839-G-A	chr12,49050056,G,A	chr12:49050056-49050056_Sub:G>A	33.3	15	12:g.49443839G>A	12:g.49050056G>A	stop_gained	HIGH	KMT2D	11/54	-	ENST00000301067.7:c.3532C>T	ENSP00000301067.7:p.Gln1178Ter	ONCOGENIC	-	DG	DG		1	MaxEntScan		YES	2	9	2	-41	0	0	10	0	KMT2D	-	-	-	AGGgcaggg	AGGgtaggg	-1.99	5.76	+389.45			NA	NA	NA
Sub	12-49446697-C-T	chr12,49052914,C,T	chr12:49052914-49052914_Sub:C>T	52.6	500	12:g.49446697C>T	12:g.49052914C>T	splice_donor_variant	HIGH	KMT2D	-	8/53	ENST00000301067.7:c.1112+1G>A	-	POSSIBLE	-	DL, DG (SpliceAI)	DL	 DG (SpliceAI)	2	SpliceAI, MaxEntScan			-36	3	12	1	0	0	80	99	KMT2D	2676	8182	10858	CAGgtaagt	CAGataagt	10.86	2.68	-75.32			NA	NA	NA
Sub	13-28592622-G-T	chr13,28018485,G,T	chr13:28018485-28018485_Sub:G>T	7.55	331	13:g.28592622G>T	13:g.28018485G>T	missense_variant	MODERATE	FLT3	20/24	-	ENST00000241453.7:c.2523C>A	ENSP00000241453.7:p.Asn841Lys	ONCOGENIC	-	DL	DL		1	SpliceAI	YES	YES	-18	-12	11	-18	0	0	1	24	FLT3	-	-	-	-	-	-	-	-			NA	NA	NA
Sub	13-28592633-T-C	chr13,28018496,T,C	chr13:28018496-28018496_Sub:T>C	48.2	500	13:g.28592633T>C	13:g.28018496T>C	missense_variant	MODERATE	FLT3	20/24	-	ENST00000241453.7:c.2512A>G	ENSP00000241453.7:p.Ser838Gly	ONCOGENIC	-	DG	DG		1	SpliceAI			0	-23	0	-29	0	0	37	3	FLT3	-	-	-	-	-	-	-	-			NA	NA	NA
Sub	13-28597562-A-C	chr13,28023425,A,C	chr13:28023425-28023425_Sub:A>C	47.6	288	13:g.28597562A>C	13:g.28023425A>C	missense_variant	MODERATE	FLT3	19/24	-	ENST00000241453.7:c.2343T>G	ENSP00000241453.7:p.Asn781Lys	POSSIBLE	-	DG	DG		2	SpliceAI, MaxEntScan	YES		24	-41	0	-49	0	0	23	0	FLT3	-	-	-	AATGTGCTT	AAGgtgctt	-4.7	4.72	+200.43			NA	NA	NA
Sub	2-25461994-C-T	chr2,25239125,C,T	chr2:25239125-25239125_Sub:C>T	19.6	46	2:g.25461994C>T	2:g.25239125C>T	splice_donor_5th_base_variant,intron_variant	LOW	DNMT3A	-	20/22	ENST00000264709.3:c.2408+5G>A	-	ONCOGENIC	0,01196	DL, DG (SpliceAI)	DL	 DG (SpliceAI)	2	SpliceAI, MaxEntScan			27	5	27	5	0	0	35	60	DNMT3A	3824	4253	8077	CAGgttggt	CAGgttgat	8.08	3.82	-52.72			NA	NA	NA
Sub	16-3824569-C-T	chr16,3774568,C,T	chr16:3774568-3774568_Sub:C>T	9.23	195	16:g.3824569C>T	16:g.3774568C>T	splice_donor_variant	HIGH	CREBBP	-	12/30	ENST00000262367.5:c.2283+1G>A	-	POSSIBLE	-	DL	DL		2	SpliceAI, MaxEntScan			-28	27	2	1	0	0	0	99	CREBBP	1470	8182	9652	GGGgtaagt	GGGataagt	9.65	1.47	-84.77			NA	NA	NA
Sub	16-3843382-C-T	chr16,3793381,C,T	chr16:3793381-3793381_Sub:C>T	43.3	104	16:g.3843382C>T	16:g.3793381C>T	splice_donor_5th_base_variant,intron_variant	LOW	CREBBP	-	4/30	ENST00000262367.5:c.1216+5G>A	-	POSSIBLE	-	DL	DL		1	MaxEntScan			5	-44	-29	5	0	0	0	1	CREBBP	8884	2114	10998	AAGgtaagt	AAGgtaaat	11	8.88	-19.27			NA	NA	NA
Sub	17-29556877-C-T	chr17,31229859,C,T	chr17:31229859-31229859_Sub:C>T	25	212	17:g.29556877C>T	17:g.31229859C>T	stop_gained	HIGH	NF1	22/58	-	ENST00000358273.4:c.2875C>T	ENSP00000351015.4:p.Gln959Ter	ONCOGENIC	-	AG	AG		1	SpliceAI			10	-24	10	-7	38	4	0	0	NF1	-	-	-	-	-	-	-	-			NA	NA	NA
Sub	17-29665110-C-T	chr17,31338092,C,T	chr17:31338092-31338092_Sub:C>T	20.5	132	17:g.29665110C>T	17:g.31338092C>T	stop_gained	HIGH	NF1	45/58	-	ENST00000358273.4:c.6772C>T	ENSP00000351015.4:p.Arg2258Ter	ONCOGENIC	-	DL	DL		1	SpliceAI			-36	-4	-2	47	0	0	0	35	NF1	-	-	-	-	-	-	-	-			NA	NA	NA
Sub	17-7574034-C-T	chr17,7670716,C,T	chr17:7670716-7670716_Sub:C>T	87.9	141	17:g.7574034C>T	17:g.7670716C>T	splice_acceptor_variant	HIGH	TP53	-	9/10	ENST00000269305.4:c.994-1G>A	-	POSSIBLE	-	AL, AG (SpliceAI)	AL	 AG (SpliceAI)	2	SpliceAI, MaxEntScan			43	-1	44	-17	97	100	0	0	TP53	1891	8750	10642	cccctcctctgttgctgcagATC	cccctcctctgttgctgcaaATC	10.64	1.89	-82.24			NA	NA	NA
Sub	17-7576852-C-T	chr17,7673534,C,T	chr17:7673534-7673534_Sub:C>T	89.9	286	17:g.7576852C>T	17:g.7673534C>T	splice_donor_variant	HIGH	TP53	-	9/10	ENST00000269305.4:c.993+1G>A	-	POSSIBLE	0	DL	DL		2	SpliceAI, MaxEntScan			0	42	-26	1	0	0	1	99	TP53	-545	8182	7637	CAGgtacta	CAGatacta	7.64	-0.54	-107.07			NA	NA	NA
Sub	17-7578190-T-C	chr17,7674872,T,C	chr17:7674872-7674872_Sub:T>C	64.2	338	17:g.7578190T>C	17:g.7674872T>C	missense_variant	MODERATE	TP53	6/11	-	ENST00000269305.4:c.659A>G	ENSP00000269305.4:p.Tyr220Cys	ONCOGENIC	0,007955	DG	DG		1	MaxEntScan		YES	1	32	1	-18	0	0	13	0	TP53	-	-	-	CCTatgagc	CCTgtgagc	-4.91	3.28	166.8			NA	NA	NA
Sub	17-7578212-G-A	chr17,7674894,G,A	chr17:7674894-7674894_Sub:G>A	87.2	297	17:g.7578212G>A	17:g.7674894G>A	stop_gained	HIGH	TP53	6/11	-	ENST00000269305.4:c.637C>T	ENSP00000269305.4:p.Arg213Ter	ONCOGENIC	0	DL	DL		1	SpliceAI		YES	-35	-8	26	-35	0	0	0	47	TP53	-	-	-	-	-	-	-	-			NA	NA	NA
Sub	17-7578493-C-T	chr17,7675175,C,T	chr17:7675175-7675175_Sub:C>T	17.3	156	17:g.7578493C>T	17:g.7675175C>T	stop_gained	HIGH	TP53	5/11	-	ENST00000269305.4:c.437G>A	ENSP00000269305.4:p.Trp146Ter	ONCOGENIC	0	DG	DG		1	MaxEntScan			4	-15	3	11	0	0	1	0	TP53	-	-	-	GCTgtgggt	GCTgtaggt	0.7	3.41	387.14			NA	NA	NA
Sub	17-7578535-T-C	chr17,7675217,T,C	chr17:7675217-7675217_Sub:T>C	38.6	83	17:g.7578535T>C	17:g.7675217T>C	missense_variant	MODERATE	TP53	5/11	-	ENST00000269305.4:c.395A>G	ENSP00000269305.4:p.Lys132Arg	ONCOGENIC	0	AG	AG		1	SpliceAI	YES	YES	-1	-2	-1	-39	23	0	0	0	TP53	-	-	-	-	-	-	-	-			NA	NA	NA
Sub	16-3789726-C-T	chr16,3739725,C,T	chr16:3739725-3739725_Sub:C>T	78.1	32	16:g.3789726C>T	16:g.3739725C>T	splice_acceptor_variant	HIGH	CREBBP	-	24/30	ENST00000262367.5:c.4134-1G>A	-	ONCOGENIC	-	AL, AG (MaxEntScan)	AL	 AG (MaxEntScan)	2	SpliceAI, MaxEntScan			-2	-1	30	0	3	98	0	0	CREBBP	1683	8750	10433	tctccttcctcttcctacagTAC	tctccttcctcttcctacggTAC	10.63	2.67	-74.88	gctctggcttttgtttcaggTTT	gctctggcttttgtttcaagTTT	-2.95	5	269.49
Sub	2-198266494-T-C	chr2,197401770,T,C	chr2:197401770-197401770_Sub:T>C	18.5	119	2:g.198266494T>C	2:g.197401770T>C	missense_variant	MODERATE	SF3B1	16/25	-	ENST00000335508.6:c.2342A>G	ENSP00000335321.5:p.Asp781Gly	ONCOGENIC	0,004035	DG	DG		1	MaxEntScan			1	7	1	-28	0	0	18	0	SF3B1	-	-	-	CTGatgagg	CTGgtgagg	0.12	8.3	6816.67			NA	NA	NA
Sub	2-198266613-C-T	chr2,197401889,C,T	chr2:197401889-197401889_Sub:C>T	11.4	44	2:g.198266613C>T	2:g.197401889C>T	splice_acceptor_variant	HIGH	SF3B1	-	15/24	ENST00000335508.6:c.2224-1G>A	-	POSSIBLE	-	AL, AG (SpliceAI)	AL	 AG (SpliceAI)	2	SpliceAI, MaxEntScan			-2	-1	-22	-29	99	99	0	0	SF3B1	-2392	8750	6359	tattttttatttaaaaatagGGT	tattttttatttaaaaataaGGT	6.36	-2.38	-137.42			NA	NA	NA
Sub	2-209113113-G-A	chr2,208248389,G,A	chr2:208248389-208248389_Sub:G>A	10.1	318	2:g.209113113G>A	2:g.208248389G>A	missense_variant	MODERATE	IDH1	4/10	-	ENST00000415913.1:c.394C>T	ENSP00000390265.1:p.Arg132Cys	ONCOGENIC	0	DL, DG	DL	 DG	1	SpliceAI		YES	34	2	34	-20	0	0	51	32	IDH1	-	-	-	-	-	-	-	-			NA	NA	NA
Sub	2-209113113-G-C	chr2,208248389,G,C	chr2:208248389-208248389_Sub:G>C	41.2	182	2:g.209113113G>C	2:g.208248389G>C	missense_variant	MODERATE	IDH1	4/10	-	ENST00000415913.1:c.394C>G	ENSP00000390265.1:p.Arg132Gly	ONCOGENIC	0	DG	DG		1	SpliceAI		YES	34	2	34	-20	0	0	30	11	IDH1	-	-	-	-	-	-	-	-			NA	NA	NA
Sub	2-209113113-G-T	chr2,208248389,G,T	chr2:208248389-208248389_Sub:G>T	48.1	237	2:g.209113113G>T	2:g.208248389G>T	missense_variant	MODERATE	IDH1	4/10	-	ENST00000415913.1:c.394C>A	ENSP00000390265.1:p.Arg132Ser	ONCOGENIC	-	DG, DL (SpliceAI)	DG	 DL (SpliceAI)	2	SpliceAI, MaxEntScan		YES	3	2	34	-20	0	0	61	48	IDH1	-	-	-	TAGgtcgtc	TAGgtagtc	-4.04	3.06	175.74			NA	NA	NA
Sub	2-25457285-A-C	chr2,25234416,A,C	chr2:25234416-25234416_Sub:A>C	50	40	2:g.25457285A>C	2:g.25234416A>C	missense_variant	MODERATE	DNMT3A	23/23	-	ENST00000264709.3:c.2602T>G	ENSP00000264709.3:p.Phe868Val	POSSIBLE	-	AG	AG		2	SpliceAI, MaxEntScan	YES		-1	4	4	-13	64	1	0	0	DNMT3A	-	-	-	ccttttctcccccagGGTATTTG	ccttttctcccccagggtagTTG	-4.93	3.66	+174.24			NA	NA	NA
Sub	2-25458661-T-C	chr2,25235792,T,C	chr2:25235792-25235792_Sub:T>C	38	108	2:g.25458661T>C	2:g.25235792T>C	missense_variant	MODERATE	DNMT3A	22/23	-	ENST00000264709.3:c.2512A>G	ENSP00000264709.3:p.Asn838Asp	POSSIBLE	0,01193	DG	DG		1	MaxEntScan	YES	YES	28	-15	5	28	1	0	5	0	DNMT3A	-	-	-	GAGgtcaaa	GAGgtcaga	-0.31	5.24	+1790.32			NA	NA	NA
Sub	2-25458695-C-A	chr2,25235826,C,A	chr2:25235826-25235826_Sub:C>A	45	169	2:g.25458695C>A	2:g.25235826C>A	splice_acceptor_variant	HIGH	DNMT3A	-	21/22	ENST00000264709.3:c.2479-1G>T	-	POSSIBLE	-	AL, AG	AL	 AG	2	SpliceAI, MaxEntScan			-6	-1	-29	-9	27	99	0	0	DNMT3A	453	8598	9052	cttttctcctcttcatctagTTC	cttttctcctcttcatctatTTC	9.05	0.45	-95.03	ctcctcttcatctagttcagCAA	ctcctcttcatctatttcagCAA	2.67	9.09	240.45
Sub	2-25458696-T-C	chr2,25235827,T,C	chr2:25235827-25235827_Sub:T>C	23.7	59	2:g.25458696T>C	2:g.25235827T>C	splice_acceptor_variant	HIGH	DNMT3A	-	21/22	ENST00000264709.3:c.2479-2A>G	-	POSSIBLE	0,003982	AL, AG	AL	 AG	2	SpliceAI, MaxEntScan			-7	-2	-7	-30	25	99	0	0	DNMT3A	1097	7955	9052	cttttctcctcttcatctagTTC	cttttctcctcttcatctggTTC	9.05	1.1	-87.85	ctcctcttcatctagttcagCAA	ctcctcttcatctggttcagCAA	2.67	6.51	143.82
Sub	2-25459833-T-A	chr2,25236964,T,A	chr2:25236964-25236964_Sub:T>A	25.9	27	2:g.25459833T>A	2:g.25236964T>A	missense_variant	MODERATE	DNMT3A	21/23	-	ENST00000264709.3:c.2450A>T	ENSP00000264709.3:p.Glu817Val	POSSIBLE	-	DG	DG		2	SpliceAI, MaxEntScan	YES		-28	41	2	-28	0	0	42	2	DNMT3A	-	-	-	CAGGAGTGT	CAGgtgtgt	-1.18	6.99	+692.37			NA	NA	NA
Sub	17-7578556-T-C	chr17,7675238,T,C	chr17:7675238-7675238_Sub:T>C	31.4	35	17:g.7578556T>C	17:g.7675238T>C	splice_acceptor_variant	HIGH	TP53	-	4/10	ENST00000269305.4:c.376-2A>G	-	ONCOGENIC	-	AL, AG	AL	 AG	2	SpliceAI, MaxEntScan		YES	-23	-2	0	-2	96	100	0	0	TP53	2674	7955	10628	tctccttcctcttcctacagTAC	tctccttcctcttcctacggTAC	10.63	2.67	-74.88	tgtctccttcctcttcctacAGT	tgtctccttcctcttcctacGGT	2.14	3.42	59.81
Sub	2-25461999-C-T	chr2,25239130,C,T	chr2:25239130-25239130_Sub:C>T	93.3	30	2:g.25461999C>T	2:g.25239130C>T	missense_variant,splice_region_variant	MODERATE	DNMT3A	20/23	-	ENST00000264709.3:c.2408G>A	ENSP00000264709.3:p.Arg803Lys	ONCOGENIC	0,01195	DL, DG (SpliceAI)	DL	 DG (SpliceAI)	2	SpliceAI, MaxEntScan		YES	10	0	10	0	0	0	33	74	DNMT3A	2107	5970	8077	CGGgttggt	CAAgttggt	8.08	2.11	-73.89			NA	NA	NA
Sub	2-25462000-T-C	chr2,25239131,T,C	chr2:25239131-25239131_Sub:T>C	33.3	72	2:g.25462000T>C	2:g.25239131T>C	missense_variant,splice_region_variant	MODERATE	DNMT3A	20/23	-	ENST00000264709.3:c.2407A>G	ENSP00000264709.3:p.Arg803Gly	ONCOGENIC	-	DL, DG (SpliceAI)	DL	 DG (SpliceAI)	2	SpliceAI, MaxEntScan			9	-1	21	-1	0	0	40	37	DNMT3A	3352	4725	8077	CAGgttggt	CGGgttggt	8.08	3.35	-58.54			NA	NA	NA
Sub	2-25463171-C-A	chr2,25240302,C,A	chr2:25240302-25240302_Sub:C>A	45.5	44	2:g.25463171C>A	2:g.25240302C>A	missense_variant,splice_region_variant	MODERATE	DNMT3A	19/23	-	ENST00000264709.3:c.2322G>T	ENSP00000264709.3:p.Glu774Asp	ONCOGENIC	-	DL	DL		2	SpliceAI, MaxEntScan			-7	-1	36	0	0	0	1	95	DNMT3A	-2487	9617	7131	 GAGgtatag	GATgtatag	7.13	-2.49	-134.92			NA	NA	NA
Sub	2-25463562-C-A	chr2,25240693,C,A	chr2:25240693-25240693_Sub:C>A	43.8	32	2:g.25463562C>A	2:g.25240693C>A	missense_variant	MODERATE	DNMT3A	18/23	-	ENST00000264709.3:c.2120G>T	ENSP00000264709.3:p.Gly707Val	ONCOGENIC	-	DG	DG		1	MaxEntScan		YES	31	37	2	11	0	1	0	0	DNMT3A	-	-	-	GGGggcagt	GGGgtcagt	-3.65	3.99	209.32			NA	NA	NA
Sub	2-25464457-C-A	chr2,25241588,C,A	chr2:25241588-25241588_Sub:C>A	48.5	33	2:g.25464457C>A	2:g.25241588C>A	missense_variant	MODERATE	DNMT3A	17/23	-	ENST00000264709.3:c.2056G>T	ENSP00000264709.3:p.Asp686Tyr	ONCOGENIC	0	DG	DG		2	SpliceAI, MaxEntScan			2	21	2	-26	0	0	98	12	DNMT3A	-	-	-	CGGggacgt	CGGgtacgt	1.85	9.5	413.51			NA	NA	NA
Sub	2-25466799-C-T	chr2,25243930,C,T	chr2:25243930-25243930_Sub:C>T	25	32	2:g.25466799C>T	2:g.25243930C>T	missense_variant	MODERATE	DNMT3A	16/23	-	ENST00000264709.3:c.1904G>A	ENSP00000264709.3:p.Arg635Gln	ONCOGENIC	0,006356	DG	DG		1	MaxEntScan			40	21	-1	-32	0	0	8	1	DNMT3A	-	-	-	CGGgtgctg	CAGgtgctg	0.58	4.87	739.66			NA	NA	NA
Sub	2-25467083-G-A	chr2,25244214,G,A	chr2:25244214-25244214_Sub:G>A	40	15	2:g.25467083G>A	2:g.25244214G>A	stop_gained	HIGH	DNMT3A	15/23	-	ENST00000264709.3:c.1792C>T	ENSP00000264709.3:p.Arg598Ter	ONCOGENIC	0,02395	DG	DG		1	MaxEntScan		YES	24	-4	2	-28	1	0	2	0	DNMT3A	-	-	-	 GCGgcgaga 	GCGgtgaga	-0.36	7.4	2155.56			NA	NA	NA
Sub	2-25467408-C-T	chr2,25244539,C,T	chr2:25244539-25244539_Sub:C>T	48.3	29	2:g.25467408C>T	2:g.25244539C>T	splice_donor_variant	HIGH	DNMT3A	-	14/22	ENST00000264709.3:c.1667+1G>A	-	POSSIBLE	7.96e-06	DL, DG (SpliceAI)	DL	 DG (SpliceAI)	2	SpliceAI, MaxEntScan			0	32	33	1	0	0	27	100	DNMT3A	1886	8182	10068	CAGgtgagg	CAGatgagg	10.07	1.89	-81.23			NA	NA	NA
Sub	2-25467436-A-C	chr2,25244567,A,C	chr2:25244567-25244567_Sub:A>C	57.6	59	2:g.25467436A>C	2:g.25244567A>C	missense_variant	MODERATE	DNMT3A	14/23	-	ENST00000264709.3:c.1640T>G	ENSP00000264709.3:p.Leu547Arg	ONCOGENIC	0	DG	DG		1	MaxEntScan			5	-28	5	-27	0	0	12	0	DNMT3A	-	-	-	GAGgtgctc	GAGgtgcgc	2.13	7.52	253.05			NA	NA	NA
Sub	2-25468187-A-C	chr2,25245318,A,C	chr2:25245318-25245318_Sub:A>C	45.7	35	2:g.25468187A>C	2:g.25245318A>C	missense_variant	MODERATE	DNMT3A	13/23	-	ENST00000264709.3:c.1489T>G	ENSP00000264709.3:p.Cys497Gly	ONCOGENIC	-	DG	DG		1	MaxEntScan			14	-46	0	48	0	0	0	0	DNMT3A	-	-	-	CCTgtggga	CCGgtggga	-3.84	5.27	237.24			NA	NA	NA
Sub	2-25469027-A-G	chr2,25246158,A,G	chr2:25246158-25246158_Sub:A>G	43	107	2:g.25469027A>G	2:g.25246158A>G	splice_donor_variant	HIGH	DNMT3A	-	11/22	ENST00000264709.3:c.1429+2T>C	-	POSSIBLE	-	DL	DL		2	SpliceAI, MaxEntScan			-33	33	27	2	0	0	0	99	DNMT3A	-1982	7754	5772	GAGgtagtt	GAGgcagtt	5.77	-1.97	-134.14			NA	NA	NA
Sub	2-25470554-G-A	chr2,25247685,G,A	chr2:25247685-25247685_Sub:G>A	39.2	51	2:g.25470554G>A	2:g.25247685G>A	missense_variant	MODERATE	DNMT3A	8/23	-	ENST00000264709.3:c.920C>T	ENSP00000264709.3:p.Pro307Leu	POSSIBLE	0	AG	AG		1	SpliceAI			-3	37	35	-18	21	0	0	0	DNMT3A	-	-	-	-	-	-	-	-			NA	NA	NA
Sub	20-31015932-A-G	chr20,32428129,A,G	chr20:32428129-32428129_Sub:A>G	48.7	150	20:g.31015932A>G	20:g.32428129A>G	missense_variant,splice_region_variant	MODERATE	ASXL1	5/13	-	ENST00000375687.4:c.254A>G	ENSP00000364839.4:p.Lys85Arg	POSSIBLE	0,007954	AL	AL		1	SpliceAI	YES		1	2	0	2	1	81	0	0	ASXL1	5804	-287	5516	-	-	-	-	-			NA	NA	NA
Sub	20-31021590-C-T	chr20,32433787,C,T	chr20:32433787-32433787_Sub:C>T	52.2	134	20:g.31021590C>T	20:g.32433787C>T	missense_variant	MODERATE	ASXL1	12/13	-	ENST00000375687.4:c.1589C>T	ENSP00000364839.4:p.Ala530Val	POSSIBLE	-	DG	DG		1	MaxEntScan	YES	YES	-1	-37	-2	44	0	0	3	0	ASXL1	-	-	-	CAGgcggcc	CAGgtggcc	-4.28	3.48	+181.31			NA	NA	NA
Sub	21-36171760-C-A	chr21,34799463,C,A	chr21:34799463-34799463_Sub:C>A	82.9	35	21:g.36171760C>A	21:g.34799463C>A	splice_acceptor_variant	HIGH	RUNX1	-	6/7	ENST00000300305.3:c.806-1G>T	-	POSSIBLE	-	AL, AG	AL	 AG	2	SpliceAI, MaxEntScan			-8	-1	-12	-1	65	98	0	0	RUNX1	2489	8598	11087	acctttctgattctcttcagATA	acctttctgattctcttcatATA	11.09	2.49	-77.55	tgattctcttcagatacaagGCA	tgattctcttcatatacaagGCA	-4.56	3.29	172.15
Sub	21-36171760-C-T	chr21,34799463,C,T	chr21:34799463-34799463_Sub:C>T	33.9	56	21:g.36171760C>T	21:g.34799463C>T	splice_acceptor_variant	HIGH	RUNX1	-	6/7	ENST00000300305.3:c.806-1G>A	-	POSSIBLE	-	AL, AG (SpliceAI)	AL	 AG (SpliceAI)	2	SpliceAI, MaxEntScan			-8	-1	-8	-1	53	98	0	0	RUNX1	2337	8750	11087	acctttctgattctcttcagATA	acctttctgattctcttcaaATA	11.09	2.34	-78.9			NA	NA	NA
Sub	21-36206706-C-G	chr21,34834409,C,G	chr21:34834409-34834409_Sub:C>G	93.8	16	21:g.36206706C>G	21:g.34834409C>G	splice_donor_variant	HIGH	RUNX1	-	6/7	ENST00000300305.3:c.805+1G>C	-	POSSIBLE	-	DL	DL		2	SpliceAI, MaxEntScan			19	43	2	1	0	0	0	96	RUNX1	2178	8273	10451	AGGgtaagt	AGGctaagt	10.45	2.18	-79.14			NA	NA	NA
Sub	21-36252849-C-T	chr21,34880552,C,T	chr21:34880552-34880552_Sub:C>T	50	144	21:g.36252849C>T	21:g.34880552C>T	splice_donor_5th_base_variant,intron_variant	LOW	RUNX1	-	4/7	ENST00000300305.3:c.508+5G>A	-	POSSIBLE	0,007955	DG (SpliceAI), DL (MaxEntScan)	DG (SpliceAI)	 DL (MaxEntScan)	2	SpliceAI, MaxEntScan			28	27	28	5	0	0	44	16	RUNX1	6749	3450	10199	GAGgtacgt	GAGgtacat	10.2	6.75	-33.82			NA	NA	NA
Sub	21-36252865-C-A	chr21,34880568,C,A	chr21:34880568-34880568_Sub:C>A	43.3	157	21:g.36252865C>A	21:g.34880568C>A	missense_variant	MODERATE	RUNX1	4/8	-	ENST00000300305.3:c.497G>T	ENSP00000300305.3:p.Arg166Leu	ONCOGENIC	-	DG	DG		1	SpliceAI			12	11	12	-11	0	0	25	1	RUNX1	-	-	-	-	-	-	-	-			NA	NA	NA
Sub	21-44514777-T-C	chr21,43094667,T,C	chr21:43094667-43094667_Sub:T>C	40.5	111	21:g.44514777T>C	21:g.43094667T>C	missense_variant	MODERATE	U2AF1	6/8	-	ENST00000291552.4:c.470A>G	ENSP00000291552.4:p.Gln157Arg	ONCOGENIC	0,02387	DG	DG		2	SpliceAI, MaxEntScan		YES	-8	-2	0	4	0	0	79	0	U2AF1	-	-	-	TCAgtatga	TCGgtatga	1.13	7.72	583.19			NA	NA	NA
Sub	22-41543955-G-A	chr22,41147951,G,A	chr22:41147951-41147951_Sub:G>A	23.4	252	22:g.41543955G>A	22:g.41147951G>A	splice_donor_5th_base_variant,intron_variant	LOW	EP300	-	12/30	ENST00000263253.7:c.2241+5G>A	-	POSSIBLE	-	DL, DG (SpliceAI)	DL	 DG (SpliceAI)	2	SpliceAI, MaxEntScan			13	1	13	-5	0	0	82	81	EP300	846	5250	6096	CCGgttagt	CCGgttaat	6.1	0.85	-86.07			NA	NA	NA
Sub	22-41548021-G-A	chr22,41152017,G,A	chr22:41152017-41152017_Sub:G>A	49.4	79	22:g.41548021G>A	22:g.41152017G>A	splice_donor_5th_base_variant,intron_variant	LOW	EP300	-	15/30	ENST00000263253.7:c.2997+5G>A	-	POSSIBLE	0,007956	DG (SpliceAI), DL (MaxEntScan)	DG (SpliceAI)	 DL (MaxEntScan)	2	SpliceAI, MaxEntScan			-5	-15	1	-5	0	0	76	1	EP300	2914	4743	7656	GAGgtgaga	GAGgtgaaa	7.66	2.91	-62.01			NA	NA	NA
Sub	22-41554415-G-T	chr22,41158411,G,T	chr22:41158411-41158411_Sub:G>T	47.9	209	22:g.41554415G>T	22:g.41158411G>T	splice_acceptor_variant	HIGH	EP300	-	18/30	ENST00000263253.7:c.3502-1G>T	-	POSSIBLE	-	AL, AG	AL	 AG	2	SpliceAI, MaxEntScan			7	1	19	13	95	100	0	0	EP300	139	8598	8738	acaaatggtttcttttgcagTTG	acaaatggtttcttttgcatTTG	8.74	0.14	-98.4	agttggagttctctccacagACA	atttggagttctctccacagACA	6.08	7.48	23.03
Sub	22-41556656-T-C	chr22,41160652,T,C	chr22:41160652-41160652_Sub:T>C	38.3	120	22:g.41556656T>C	22:g.41160652T>C	missense_variant	MODERATE	EP300	20/31	-	ENST00000263253.7:c.3601T>C	ENSP00000263253.7:p.Cys1201Arg	ONCOGENIC	-	DG	DG		1	MaxEntScan		YES	-10	-11	10	-11	0	0	0	0	EP300	-	-	-	TCTgtgaga	TCCgtgaga	1.76	3.71	110.8			NA	NA	NA
Sub	22-41568501-A-T	chr22,41172497,A,T	chr22:41172497-41172497_Sub:A>T	34.6	136	22:g.41568501A>T	22:g.41172497A>T	splice_acceptor_variant	HIGH	EP300	-	27/30	ENST00000263253.7:c.4453-2A>T	-	POSSIBLE	-	AL, AG (SpliceAI)	AL	 AG (SpliceAI)	2	SpliceAI, MaxEntScan			18	2	18	2	68	100	0	0	EP300	-1704	8367	6662	gtacatgcatgttttcacagGAT	gtacatgcatgttttcactgGAT	6.66	-1.69	-125.38			NA	NA	NA
Sub	4-106158509-G-A	chr4,105237352,G,A	chr4:105237352-105237352_Sub:G>A	37.4	500	4:g.106158509G>A	4:g.105237352G>A	splice_donor_variant	HIGH	TET2	-	3/10	ENST00000540549.1:c.3409+1G>A	-	POSSIBLE	0,01599	DL	DL		2	SpliceAI, MaxEntScan			-8	-34	14	-1	0	0	0	33	TET2	1482	8182	9664	TAGgtaagt	TAGataagt	9.66	1.48	-84.68			NA	NA	NA
Sub	4-106162586-G-A	chr4,105241429,G,A	chr4:105241429-105241429_Sub:G>A	24.7	263	4:g.106162586G>A	4:g.105241429G>A	missense_variant,splice_region_variant	MODERATE	TET2	4/11	-	ENST00000540549.1:c.3500G>A	ENSP00000442788.1:p.Arg1167Lys	POSSIBLE	-	DL	DL		2	SpliceAI, MaxEntScan	YES		22	-45	34	0	0	0	0	85	TET2	3635	5194	8829	AAGgtaatt	AAAgtaatt	8.83	3.64	-58.78			NA	NA	NA
Sub	4-106164080-A-G	chr4,105242923,A,G	chr4:105242923-105242923_Sub:A>G	46	250	4:g.106164080A>G	4:g.105242923A>G	missense_variant	MODERATE	TET2	5/11	-	ENST00000540549.1:c.3590A>G	ENSP00000442788.1:p.Lys1197Arg	ONCOGENIC	-	DG	DG		2	SpliceAI, MaxEntScan			NA	NA	0	NA	0	0	89	7	TET2	-	-	-	TAAgtgggt	TAGgtgggt	0.99	5.56	461.62			NA	NA	NA
Sub	4-106164923-C-T	chr4,105243766,C,T	chr4:105243766-105243766_Sub:C>T	54.1	85	4:g.106164923C>T	4:g.105243766C>T	missense_variant	MODERATE	TET2	6/11	-	ENST00000540549.1:c.3791C>T	ENSP00000442788.1:p.Ala1264Val	ONCOGENIC	-	DG	DG		2	SpliceAI, MaxEntScan			NA	NA	-6	NA	0	0	20	0	TET2	-	-	-	CCGgtgtgc	CCGgtgtgt	4.89	6.56	+34.15			NA	NA	NA
Sub	4-106180866-T-G	chr4,105259709,T,G	chr4:105259709-105259709_Sub:T>G	38.7	287	4:g.106180866T>G	4:g.105259709T>G	missense_variant	MODERATE	TET2	7/11	-	ENST00000540549.1:c.3894T>G	ENSP00000442788.1:p.Cys1298Trp	ONCOGENIC	-	DL (middle exon)	DL (middle exon)		2	SpliceAI, MaxEntScan 			NA	NA	NA	-2	0	0	0	70	TET2	-	-	-	GATgtaagt	GATggaagt	9.11	1.47	-83.86			NA	NA	NA
Sub	4-106180869-G-C	chr4,105259712,G,C	chr4:105259712-105259712_Sub:G>C	50.3	173	4:g.106180869G>C	4:g.105259712G>C	missense_variant	MODERATE	TET2	7/11	-	ENST00000540549.1:c.3897G>C	ENSP00000442788.1:p.Lys1299Asn	POSSIBLE	-	DL (middle exon)	DL (middle exon)		2	SpliceAI, MaxEntScan 			NA	NA	NA	-5	0	0	0	70	TET2	-	-	-	GATgtaagt	GATgtaact	9.11	6.09	-33.15			NA	NA	NA
Sub	4-106180927-G-A	chr4,105259770,G,A	chr4:105259770-105259770_Sub:G>A	16.9	160	4:g.106180927G>A	4:g.105259770G>A	splice_donor_variant	HIGH	TET2	-	7/10	ENST00000540549.1:c.3954+1G>A	-	POSSIBLE	0	DL, AG (SpliceAI)	DL	 AG (SpliceAI)	2	SpliceAI, MaxEntScan			42	NA	NA	-1	20	0	0	96	TET2	-1819	8182	6363	GAGgtttgt	GAGatttgt	6.36	-1.82	-128.62			NA	NA	NA
Sub	4-106180927-G-T	chr4,105259770,G,T	chr4:105259770-105259770_Sub:G>T	92	237	4:g.106180927G>T	4:g.105259770G>T	splice_donor_variant	HIGH	TET2	-	7/10	ENST00000540549.1:c.3954+1G>T	-	POSSIBLE	-	DL, AG (SpliceAI)	DL	 AG (SpliceAI)	2	SpliceAI, MaxEntScan			42	NA	NA	-1	21	0	0	96	TET2	-2141	8504	6363	GAGgtttgt	GAGttttgt	6.36	-2.14	-133.65			NA	NA	NA
Sub	4-106180931-G-A	chr4,105259774,G,A	chr4:105259774-105259774_Sub:G>A	50.8	189	4:g.106180931G>A	4:g.105259774G>A	splice_donor_5th_base_variant,intron_variant	LOW	TET2	-	7/10	ENST00000540549.1:c.3954+5G>A	-	POSSIBLE	0,03227	DL	DL		2	SpliceAI, MaxEntScan		YES	38	NA	NA	-5	15	0	0	92	TET2	2622	3741	6363	GAGgtttgt	GAGgtttat	6.36	2.62	-58.81			NA	NA	NA
Sub	4-106182915-G-A	chr4,105261758,G,A	chr4:105261758-105261758_Sub:G>A	28.2	103	4:g.106182915G>A	4:g.105261758G>A	splice_acceptor_variant	HIGH	TET2	-	7/10	ENST00000540549.1:c.3955-1G>A	-	POSSIBLE	-	AL, AG (SpliceAI)	AL	 AG (SpliceAI)	2	SpliceAI, MaxEntScan			-47	1	NA	NA	73	99	0	0	TET2	-2767	8750	5983	gaattattcactttatacagGAA	gaattattcactttatacaaGAA	5.98	-2.77	-146.32			NA	NA	NA
Sub	4-106182917-A-T	chr4,105261760,A,T	chr4:105261760-105261760_Sub:A>T	46.2	132	4:g.106182917A>T	4:g.105261760A>T	missense_variant,splice_region_variant	MODERATE	TET2	8/11	-	ENST00000540549.1:c.3956A>T	ENSP00000442788.1:p.Glu1319Val	POSSIBLE	-	DG	DG		1	MaxEntScan			NA	NA	NA	NA	4	1	0	0	TET2	6435	-452	5983	CAGgaagag	CAGgtagag	-1.08	7.10	+757.41			NA	NA	NA
Sub	4-106190765-A-G	chr4,105269608,A,G	chr4:105269608-105269608_Sub:A>G	43.9	278	4:g.106190765A>G	4:g.105269608A>G	splice_acceptor_variant	HIGH	TET2	-	8/10	ENST00000540549.1:c.4045-2A>G	-	POSSIBLE	-	AL, AG (SpliceAI)	AL	 AG (SpliceAI)	2	SpliceAI, MaxEntScan			19	2	NA	NA	38	99	0	0	TET2	2580	7955	10535	cacacacttttatttttcagATT	cacacacttttatttttcggATT	10.54	2.58	-75.52			NA	NA	NA
Sub	4-106190766-G-A	chr4,105269609,G,A	chr4:105269609-105269609_Sub:G>A	38.3	277	4:g.106190766G>A	4:g.105269609G>A	splice_acceptor_variant	HIGH	TET2	-	8/10	ENST00000540549.1:c.4045-1G>A	-	POSSIBLE	-	AL, AG (SpliceAI)	AL	 AG (SpliceAI)	2	SpliceAI, MaxEntScan			18	1	NA	NA	36	99	0	0	TET2	1785	8750	10535	cacacacttttatttttcagATT	cacacacttttatttttcaaATT	10.54	1.78	-83.11			NA	NA	NA
Sub	4-106193719-A-G	chr4,105272562,A,G	chr4:105272562-105272562_Sub:A>G	95.2	103	4:g.106193719A>G	4:g.105272562A>G	splice_acceptor_variant	HIGH	TET2	-	9/10	ENST00000540549.1:c.4183-2A>G	-	POSSIBLE	-	AL, AG	AL	 AG	2	SpliceAI, MaxEntScan			19	2	NA	NA	68	99	0	0	TET2	1884	7955	9839	atgtcttacttccctaccagGTA	atgtcttacttccctaccggGTA	9.84	1.88	-80.89	caggtatgcactctcactagAGA	cgggtatgcactctcactagAGA	3.45	4.47	29.57
Sub	4-106193853-A-T	chr4,105272696,A,T	chr4:105272696-105272696_Sub:A>T	49.8	295	4:g.106193853A>T	4:g.105272696A>T	stop_gained	HIGH	TET2	10/11	-	ENST00000540549.1:c.4315A>T	ENSP00000442788.1:p.Lys1439Ter	ONCOGENIC	-	AG	AG		1	SpliceAI			21	NA	NA	NA	21	0	0	0	TET2	-	-	-	-	-	-	-	-			NA	NA	NA
Sub	4-106193872-A-G	chr4,105272715,A,G	chr4:105272715-105272715_Sub:A>G	43.1	218	4:g.106193872A>G	4:g.105272715A>G	missense_variant	MODERATE	TET2	10/11	-	ENST00000540549.1:c.4334A>G	ENSP00000442788.1:p.Gln1445Arg	ONCOGENIC	0,006374	DL (middle exon, MaxEntScan), DG (SpliceAI)	DL (middle exon MaxEntScan)	 DG (SpliceAI)	2	SpliceAI, MaxEntScan			NA	NA	NA	1	0	0	49	0	TET2	-	-	-	CAGgtactg	CGGgtactg	9.04	5.43	-39.93			NA	NA	NA
Sub	4-106194073-C-T	chr4,105272916,C,T	chr4:105272916-105272916_Sub:C>T	86.1	244	4:g.106194073C>T	4:g.105272916C>T	missense_variant,splice_region_variant	MODERATE	TET2	10/11	-	ENST00000540549.1:c.4535C>T	ENSP00000442788.1:p.Ala1512Val	ONCOGENIC	-	DL, DG	DL	 DG	2	SpliceAI, MaxEntScan			NA	NA	-2	2	0	0	97	75	TET2	6621	2143	8764	CAGgtaaat	TAGgtaaat	8.76	6.62	-24.43	TTGgcaggt	TTGgtaggt	-0.72	7.03	1076.39
Sub	4-106196213-C-T	chr4,105275056,C,T	chr4:105275056-105275056_Sub:C>T	34.7	95	4:g.106196213C>T	4:g.105275056C>T	stop_gained	HIGH	TET2	11/11	-	ENST00000540549.1:c.4546C>T	ENSP00000442788.1:p.Arg1516Ter	ONCOGENIC	0,01518	AG	AG		2	SpliceAI, MaxEntScan			10	-8	0	0	34	16	0	0	TET2	-	-	-	agaacttttgcgactttcagGAC	agaacttttgtgactttcagGAC	6.10	7.79	+27.7			NA	NA	NA
Sub	4-106197210-C-G	chr4,105276053,C,G	chr4:105276053-105276053_Sub:C>G	34.7	395	4:g.106197210C>G	4:g.105276053C>G	stop_gained	HIGH	TET2	11/11	-	ENST00000540549.1:c.5543C>G	ENSP00000442788.1:p.Ser1848Ter	ONCOGENIC	0,006423	DG	DG		1	MaxEntScan			NA	NA	NA	NA	0	0	0	0	TET2	-	-	-	CTGgtcaga	CTGgtgaga	3.96	7.54	90.4			NA	NA	NA
Sub	4-106197378-A-G	chr4,105276221,A,G	chr4:105276221-105276221_Sub:A>G	47.7	266	4:g.106197378A>G	4:g.105276221A>G	missense_variant	MODERATE	TET2	11/11	-	ENST00000540549.1:c.5711A>G	ENSP00000442788.1:p.His1904Arg	POSSIBLE	-	DG	DG		1	MaxEntScan			NA	NA	NA	NA	0	0	0	0	TET2	-	-	-	AGCataaga	AGCgtaaga	-1.97	6.21	+415.23			NA	NA	NA
Sub	4-55524246-C-T	chr4,54658079,C,T	chr4:54658079-54658079_Sub:C>T	83.3	6	4:g.55524246C>T	4:g.54658079C>T	missense_variant,splice_region_variant	MODERATE	KIT	1/21	-	ENST00000288135.5:c.65C>T	ENSP00000288135.5:p.Thr22Ile	POSSIBLE	8E-06	DL	DL		1	MaxEntScan			-1	0	30	2	0	0	1	12	KIT	3271	3436	6708	CAGgtggga	TAGgtggga	6.71	3.27	-51.27			NA	NA	NA
Sub	7-101918631-G-A	chr7,102275360,G,A	chr7:102275360-102275360_Sub:G>A	54.6	11	7:g.101918631G>A	7:g.102275360G>A	splice_donor_variant	HIGH	CUX1	-	17/22	ENST00000292538.4:c.1563+1G>A	-	POSSIBLE	0,004045	DL	DL		2	SpliceAI, MaxEntScan			NA	-43	NA	-1	0	16	0	92	CUX1	377	8182	8559	GCCgtgagt	GCCatgagt	8.56	0.38	-95.56			NA	NA	NA
Sub	7-104741905-C-T	chr7,105101458,C,T	chr7:105101458-105101458_Sub:C>T	42.3	97	7:g.104741905C>T	7:g.105101458C>T	stop_gained	HIGH	KMT2E	16/27	-	ENST00000311117.3:c.1756C>T	ENSP00000312379.3:p.Gln586Ter	ONCOGENIC	-	DG	DG		1	MaxEntScan			14	-33	-2	50	0	3	0	0	KMT2E	-	-	-	TTTgcaagc	TTTgtaagc	-3.82	3.93	+202.88			NA	NA	NA
Sub	7-140453155-C-T	chr7,140753355,C,T	chr7:140753355-140753355_Sub:C>T	9.68	217	7:g.140453155C>T	7:g.140753355C>T	missense_variant	MODERATE	BRAF	15/18	-	ENST00000288602.6:c.1780G>A	ENSP00000288602.6:p.Asp594Asn	ONCOGENIC	-	DG	DG		1	MaxEntScan			-13	38	3	38	0	8	0	0	BRAF	-	-	-	TAGgtgatt	 TAGgtaatt	4.02	7.27	80.85			NA	NA	NA
Sub	7-148507463-T-A	chr7,148810371,T,A	chr7:148810371-148810371_Sub:T>A	41.5	241	7:g.148507463T>A	7:g.148810371T>A	missense_variant	MODERATE	EZH2	17/20	-	ENST00000320356.2:c.1991A>T	ENSP00000320147.2:p.Asp664Val	ONCOGENIC	-	DG	DG		2	SpliceAI, MaxEntScan	YES		-50	43	6	-38	1	0	23	3	EZH2	-	-	-	AGTgtatga	AGTgtatgt	0.67	4.8	616.42			NA	NA	NA
Sub	7-148512036-A-G	chr7,148814944,A,G	NA	31.3	176	7:g.148512036A>G	7:g.148814944A>G	missense_variant	MODERATE	EZH2	14/20	-	ENST00000320356.2:c.1642T>C	ENSP00000320147.2:p.Cys548Arg	POSSIBLE	-	DG			1	SpliceAI			42	0	-30	0	3	0	23	0	EZH2	-	-	-	-	-	-	-	-			NA	NA	NA
Sub	7-148529726-C-T	chr7,148832634,C,T	chr7:148832634-148832634_Sub:C>T	30.8	335	7:g.148529726C>T	7:g.148832634C>T	missense_variant,splice_region_variant	MODERATE	EZH2	4/20	-	ENST00000320356.2:c.363G>A	ENSP00000320147.2:p.Met121Ile	POSSIBLE	-	DL	DL		2	SpliceAI, MaxEntScan	YES		0	11	34	0	0	0	5	26	EZH2	4411	3940	8351	ATGgtatgt	ATAgtatgt	8.35	4.41	-47.19			NA	NA	NA
Sub	8-117864336-C-T	chr8,116852097,C,T	chr8:116852097-116852097_Sub:C>T	35	200	8:g.117864336C>T	8:g.116852097C>T	splice_acceptor_variant	HIGH	RAD21	-	10/13	ENST00000297338.2:c.1322-1G>A	-	POSSIBLE	-	AL, AG (SpliceAI)	AL	 AG (SpliceAI)	2	SpliceAI, MaxEntScan			-6	-1	-6	-37	34	99	0	0	RAD21	-3381	8750	5369	cttcatatgaccaattgcagATG	cttcatatgaccaattgcaaATG	5.37	-3.38	-162.94			NA	NA	NA
Sub	8-117864787-C-A	chr8,116852548,C,A	chr8:116852548-116852548_Sub:C>A	16.6	163	8:g.117864787C>A	8:g.116852548C>A	splice_donor_variant	HIGH	RAD21	-	10/13	ENST00000297338.2:c.1321+1G>T	-	POSSIBLE	-	DL, DG (SpliceAI)	DL	 DG (SpliceAI)	2	SpliceAI, MaxEntScan			13	1	-40	1	0	0	37	99	RAD21	-4956	8504	3548	TCGgtttgt	TCGttttgt	3.55	-4.96	-239.72			NA	NA	NA
Sub	8-117864787-C-T	chr8,116852548,C,T	chr8:116852548-116852548_Sub:C>T	56.9	204	8:g.117864787C>T	8:g.116852548C>T	splice_donor_variant	HIGH	RAD21	-	10/13	ENST00000297338.2:c.1321+1G>A	-	POSSIBLE	-	DL, DG (SpliceAI)	DL	 DG (SpliceAI)	2	SpliceAI, MaxEntScan			13	1	-40	1	0	0	55	99	RAD21	-4634	8182	3548	TCGgtttgt	TCGatttgt	3.55	-4.63	-230.42			NA	NA	NA
Sub	8-117866483-C-T	chr8,116854244,C,T	chr8:116854244-116854244_Sub:C>T	38.6	114	8:g.117866483C>T	8:g.116854244C>T	splice_donor_variant	HIGH	RAD21	-	9/13	ENST00000297338.2:c.1161+1G>A	-	POSSIBLE	-	DL	DL		2	SpliceAI, MaxEntScan			-7	27	-7	1	0	0	10	100	RAD21	307	8182	8489	AAGgtaata	AAGataata	8.49	0.31	-96.35			NA	NA	NA
Sub	8-117869501-C-A	chr8,116857262,C,A	chr8:116857262-116857262_Sub:C>A	35.2	54	8:g.117869501C>A	8:g.116857262C>A	splice_donor_5th_base_variant,intron_variant	LOW	RAD21	-	6/13	ENST00000297338.2:c.688+5G>T	-	POSSIBLE	-	DL	DL		1	MaxEntScan			5	25	17	5	0	0	0	12	RAD21	5387	2373	7761	TAGgtatgt	TAGgtattt	7.76	5.39	-30.54			NA	NA	NA
Sub	8-117869501-C-T	chr8,116857262,C,T	chr8:116857262-116857262_Sub:C>T	14.8	61	8:g.117869501C>T	8:g.116857262C>T	splice_donor_5th_base_variant,intron_variant	LOW	RAD21	-	6/13	ENST00000297338.2:c.688+5G>A	-	POSSIBLE	-	DL	DL		1	MaxEntScan			5	25	17	5	0	0	0	10	RAD21	4888	2873	7761	TAGgtatgt	TAGgtatat	7.76	4.89	-36.98			NA	NA	NA
Sub	8-117869506-C-T	chr8,116857267,C,T	chr8:116857267-116857267_Sub:C>T	44.4	142	8:g.117869506C>T	8:g.116857267C>T	missense_variant,splice_region_variant	MODERATE	RAD21	6/14	-	ENST00000297338.2:c.688G>A	ENSP00000297338.2:p.Asp230Asn	POSSIBLE	-	DL	DL		1	MaxEntScan	YES		0	50	12	0	0	0	0	18	RAD21	4584	3177	7761	TAGgtatgt	TAGgtatat	7.76	4.89	-36.98			NA	NA	NA
Sub	8-117874075-C-T	chr8,116861836,C,T	chr8:116861836-116861836_Sub:C>T	10.6	170	8:g.117874075C>T	8:g.116861836C>T	splice_donor_5th_base_variant,intron_variant	LOW	RAD21	-	4/13	ENST00000297338.2:c.374+5G>A	-	POSSIBLE	-	DL	DL		2	SpliceAI, MaxEntScan			5	41	3	5	0	0	1	24	RAD21	-2334	7995	5662	AGAgtatgt	AGAgtatat	5.66	-2.33	-141.17			NA	NA	NA
Sub	X-123179096-T-G	chrX,124045246,T,G	chrX:124045246-124045246_Sub:T>G	82.1	56	X:g.123179096T>G	X:g.124045246T>G	stop_gained	HIGH	STAG2	8/35	-	ENST00000218089.9:c.545T>G	ENSP00000218089.9:p.Leu182Ter	ONCOGENIC	-	DG	DG		2	SpliceAI, MaxEntScan	YES		1	3	-3	20	0	0	92	0	STAG2	-	-	-	CGTgttagt	CGTgtgagt	-5.22	7.42	+242.15			NA	NA	NA
Sub	X-123182854-G-A	chrX,124049004,G,A	chrX:124049004-124049004_Sub:G>A	35.8	215	X:g.123182854G>A	X:g.124049004G>A	splice_acceptor_variant	HIGH	STAG2	-	9/34	ENST00000218089.9:c.820-1G>A	-	ONCOGENIC	-	AL, AG	AL	 AG	2	SpliceAI, MaxEntScan			7	1	7	0	90	100	0	0	STAG2	669	8750	9419	aatgatgtgtttttttacagCTT	aatgatgtgtttttttacaaCTT	9.42	0.67	-92.89	gtgtttttttacagcttcagGAA	gtgtttttttacaacttcagGAA	3.17	9.14	188.33
Sub	X-123184034-A-G	chrX,124050184,A,G	chrX:124050184-124050184_Sub:A>G	53.2	143	X:g.123184034A>G	X:g.124050184A>G	splice_acceptor_variant	HIGH	STAG2	-	10/34	ENST00000218089.9:c.894-2A>G	-	POSSIBLE	-	AL, AG (SpliceAI)	AL	 AG (SpliceAI)	2	SpliceAI, MaxEntScan			13	2	0	43	99	100	0	0	STAG2	1676	7955	9631	tttttccttcccccattcagTGA	tttttccttcccccattcggTGA	9.63	1.68	-82.55			NA	NA	NA
Sub	X-123185163-A-G	chrX,124051313,A,G	chrX:124051313-124051313_Sub:A>G	95.8	24	X:g.123185163A>G	X:g.124051313A>G	splice_acceptor_variant	HIGH	STAG2	-	12/34	ENST00000218089.9:c.1117-2A>G	-	POSSIBLE	-	AL, AG (MaxEntScan)	AL	 AG (MaxEntScan)	2	SpliceAI, MaxEntScan			48	2	7	46	0	100	0	0	STAG2	3780	7955	11735	tttaatttttttgtccttagGAT	tttaatttttttgtccttggGAT	11.73	3.78	-67.77	tttttttgtccttaggatagAAT	tttttttgtccttgggatagAAT	1.42	5.87	313.38
Sub	X-123189977-G-A	chrX,124056127,G,A	chrX:124056127-124056127_Sub:G>A	100	73	X:g.123189977G>A	X:g.124056127G>A	splice_acceptor_variant	HIGH	STAG2	-	13/34	ENST00000218089.9:c.1197-1G>A	-	POSSIBLE	-	AL, AG	AL	 AG	2	SpliceAI, MaxEntScan			2	1	2	13	90	100	0	0	STAG2	-895	8750	7855	tgttactgcttatttcttagGAG	tgttactgcttatttcttaaGAG	7.85	-0.90	-111.46	gttactgcttatttcttaggAGT	gttactgcttatttcttaagAGT	-4.43	3.53	179.68
Sub	X-123197896-C-T	chrX,124064046,C,T	chrX:124064046-124064046_Sub:C>T	10	80	X:g.123197896C>T	X:g.124064046C>T	stop_gained	HIGH	STAG2	20/35	-	ENST00000218089.9:c.2020C>T	ENSP00000218089.9:p.Gln674Ter	ONCOGENIC	-	DG	DG		2	SpliceAI, MaxEntScan			-2	-8	-2	7	0	0	41	0	STAG2	-	-	-	TCTgcaaga	TCTgtaaga	-3.67	4.08	+211.17			NA	NA	NA
Sub	X-123211873-C-T	chrX,124078023,C,T	chrX:124078023-124078023_Sub:C>T	90.7	43	X:g.123211873C>T	X:g.124078023C>T	stop_gained	HIGH	STAG2	27/35	-	ENST00000218089.9:c.2740C>T	ENSP00000218089.9:p.Gln914Ter	ONCOGENIC	0	DL	DL		1	SpliceAI			-12	26	-27	35	0	0	0	27	STAG2	-	-	-	-	-	-	-	-			NA	NA	NA
Sub	X-123215380-T-C	chrX,124081530,T,C	chrX:124081530-124081530_Sub:T>C	44.4	162	X:g.123215380T>C	X:g.124081530T>C	splice_donor_variant	HIGH	STAG2	-	28/34	ENST00000218089.9:c.2924+2T>C	-	POSSIBLE	-	DL	DL		2	SpliceAI, MaxEntScan_VEP			39	-36	9	-2	0	0	1	99	STAG2	-7097	7754	657	-	-	-	-	-			NA	NA	NA
Sub	X-123220621-G-A	chrX,124086771,G,A	chrX:124086771-124086771_Sub:G>A	93.9	99	X:g.123220621G>A	X:g.124086771G>A	splice_donor_variant	HIGH	STAG2	-	30/34	ENST00000218089.9:c.3277+1G>A	-	POSSIBLE	-	DL	DL		2	SpliceAI, MaxEntScan			5	-39	-33	-1	0	0	1	97	STAG2	-2979	8182	5203	TCAgtaagg	TCAataagg	5.20	-2.98	-157.31			NA	NA	NA
Sub	X-133527530-G-A	chrX,134393500,G,A	chrX:134393500-134393500_Sub:G>A	12.6	230	X:g.133527530G>A	X:g.134393500G>A	splice_acceptor_variant	HIGH	PHF6	-	3/9	ENST00000332070.3:c.241-1G>A	-	POSSIBLE	-	AL	AL		2	SpliceAI, MaxEntScan			29	1	-4	45	3	100	0	0	PHF6	-252	8750	8498	attttgtcgttttgctgtagATG	attttgtcgttttgctgtaaATG	8.50	-0.25	-102.94			NA	NA	NA
Sub	X-133527937-A-T	chrX,134393907,A,T	chrX:134393907-134393907_Sub:A>T	98.9	93	X:g.133527937A>T	X:g.134393907A>T	splice_acceptor_variant	HIGH	PHF6	-	4/9	ENST00000332070.3:c.375-2A>T	-	POSSIBLE	-	AL	AL		2	SpliceAI, MaxEntScan			24	2	-47	45	9	99	0	0	PHF6	247	8367	8613	attttgtcgttttgctgtagATG	attttgtcgttttgctgtaaATG	8.5	-0.24	-102.82			NA	NA	NA
Sub	X-133547692-G-A	chrX,134413662,G,A	chrX:134413662-134413662_Sub:G>A	97.7	44	X:g.133547692G>A	X:g.134413662G>A	splice_donor_5th_base_variant,intron_variant	LOW	PHF6	-	6/9	ENST00000332070.3:c.585+5G>A	-	POSSIBLE	-	DL	DL		2	SpliceAI, MaxEntScan			-5	-27	-16	-5	0	0	0	81	PHF6	-493	7186	6693	TATgtaagt	TATgtaaat	6.69	-0.49	-107.32			NA	NA	NA
Sub	X-133547851-A-G	chrX,134413821,A,G	chrX:134413821-134413821_Sub:A>G	80	75	X:g.133547851A>G	X:g.134413821A>G	splice_acceptor_variant	HIGH	PHF6	-	6/9	ENST00000332070.3:c.586-2A>G	-	POSSIBLE	-	AL, AG (SpliceAI)	AL	 AG (SpliceAI)	2	SpliceAI, MaxEntScan			10	2	4	-7	68	99	0	0	PHF6	2812	7955	10767	tttttcttttacatttgcagAGA	tttttcttttacatttgcggAGA	10.77	2.81	-73.91			NA	NA	NA
Sub	X-133547996-G-A	chrX,134413966,G,A	chrX:134413966-134413966_Sub:G>A	83.8	68	X:g.133547996G>A	X:g.134413966G>A	missense_variant,splice_region_variant	MODERATE	PHF6	7/10	-	ENST00000332070.3:c.729G>A	ENSP00000329097.3:p.Met243Ile	ONCOGENIC	-	DL	DL		1	MaxEntScan			0	-26	9	0	0	0	0	0	PHF6	5262	3994	9256	ATGgtaagc	ATAgtaagc	9.26	5.26	-43.2			NA	NA	NA
Sub	X-133549044-A-G	chrX,134415014,A,G	chrX:134415014-134415014_Sub:A>G	52.9	87	X:g.133549044A>G	X:g.134415014A>G	splice_acceptor_variant	HIGH	PHF6	-	7/9	ENST00000332070.3:c.730-2A>G	-	POSSIBLE	-	AL, AG (SpliceAI)	AL	 AG (SpliceAI)	2	SpliceAI, MaxEntScan			21	2	26	49	93	100	0	0	PHF6	1727	7955	9682	cctgcatttttcttctctagTTG	cctgcatttttcttctctggTTG	9.68	1.73	-82.13			NA	NA	NA
Sub	X-133549140-G-T	chrX,134415110,G,T	chrX:134415110-134415110_Sub:G>T	30.8	52	X:g.133549140G>T	X:g.134415110G>T	missense_variant	MODERATE	PHF6	8/10	-	ENST00000332070.3:c.824G>T	ENSP00000329097.3:p.Gly275Val	ONCOGENIC	-	DG	DG		1	SpliceAI			-2	7	-2	10	0	0	28	1	PHF6	-	-	-	-	-	-	-	-			NA	NA	NA
Sub	X-133549152-T-A	chrX,134415122,T,A	chrX:134415122-134415122_Sub:T>A	29.5	112	X:g.133549152T>A	X:g.134415122T>A	splice_donor_variant	HIGH	PHF6	-	8/9	ENST00000332070.3:c.834+2T>A	-	POSSIBLE	-	DL	DL		2	SpliceAI, MaxEntScan			2	-5	2	-2	0	0	10	100	PHF6	-5321	8183	2863	-	-	-	-	-			NA	NA	NA
Sub	X-133559229-A-G	chrX,134425199,A,G	chrX:134425199-134425199_Sub:A>G	40.4	161	X:g.133559229A>G	X:g.134425199A>G	splice_acceptor_variant	HIGH	PHF6	-	9/9	ENST00000332070.3:c.969-2A>G	-	POSSIBLE	-	AL	AL		2	SpliceAI, MaxEntScan			23	2	-41	2	1	91	0	0	PHF6	1466	7955	9421	tttgtctttcatcattgtagACT	tttgtctttcatcattgtggACT	9.42	1.47	-84.39			NA	NA	NA
Sub	X-39923086-G-A	chrX,40063833,G,A	chrX:40063833-40063833_Sub:G>A	98.8	85	X:g.39923086G>A	X:g.40063833G>A	stop_gained	HIGH	BCOR	8/15	-	ENST00000378444.4:c.3622C>T	ENSP00000367705.4:p.Gln1208Ter	ONCOGENIC	-	AG	AG		1	SpliceAI			-23	17	37	-41	41	6	1	0	BCOR	-	-	-	-	-	-	-	-			NA	NA	NA
Sub	X-44879904-C-T	chrX,45020659,C,T	chrX:45020659-45020659_Sub:C>T	4.58	415	X:g.44879904C>T	X:g.45020659C>T	stop_gained	HIGH	KDM6A	6/29	-	ENST00000377967.4:c.493C>T	ENSP00000367203.4:p.Arg165Ter	ONCOGENIC	-	AL	AL		1	SpliceAI			28	-49	-49	-28	0	29	0	0	KDM6A	-	-	-	-	-	-	-	-			NA	NA	NA
Sub	X-44921982-C-T	chrX,45062737,C,T	chrX:45062737-45062737_Sub:C>T	24.7	77	X:g.44921982C>T	X:g.45062737C>T	stop_gained	HIGH	KDM6A	15/29	-	ENST00000377967.4:c.1516C>T	ENSP00000367203.4:p.Gln506Ter	ONCOGENIC	-	DG, DL (SpliceAI)	DG	 DL (SpliceAI)	2	SpliceAI, MaxEntScan	YES	YES	-2	13	-2	13	0	0	39	28	KDM6A	-	-	-	AATgcaaca	AATgtaaca	-4.57	3.19	+169.8			NA	NA	NA
