"Gene"	"Mutation_key"	"sample_id"	"case_id"	"DNA_Sample"	"RNA_Sample"	"Validable"
"NRAS"	"chr1,114716123,C,T"	"2343_BA2093"	"2343"	"BA2093D"	"BA2093R"	"Validable"
"NRAS"	"chr1,114716123,C,T"	"2225_BA2206"	"2225"	"BA2206D"	"No RNA BAM"	"No Validable"
"NRAS"	"chr1,114716123,C,T"	"2294_BA2276"	"2294"	"BA2276D"	"BA2276R"	"Validable"
"NRAS"	"chr1,114716123,C,T"	"2197_BA2301"	"2197"	"BA2301D"	"BA2301R"	"Validable"
"NRAS"	"chr1,114716123,C,T"	"2202_BA2470"	"2202"	"BA2470D"	"BA2470R"	"Validable"
"NRAS"	"chr1,114716123,C,T"	"2225_BA2523"	"2225"	"BA2523D"	"BA2523R"	"Validable"
"NRAS"	"chr1,114716123,C,T"	"2036_BA2731"	"2036"	"BA2731D"	"BA2731R"	"Validable"
"NRAS"	"chr1,114716123,C,T"	"2208_BA2752"	"2208"	"BA2752D"	"No RNA BAM"	"No Validable"
"NRAS"	"chr1,114716123,C,T"	"2258_BA2777"	"2258"	"BA2777D"	"No RNA BAM"	"No Validable"
"NRAS"	"chr1,114716123,C,T"	"2529_BA2901"	"2529"	"BA2901D"	"BA2901R"	"Validable"
"NRAS"	"chr1,114716123,C,T"	"2508_BA2914"	"2508"	"BA2914D"	"BA2914R"	"Validable"
"WT1"	"chr11,32396364,G,T"	"2109_BA2894"	"2109"	"BA2894D"	"No RNA BAM"	"No Validable"
"PTPN11"	"chr12,112489084,G,T"	"2539_BA2255"	"2539"	"BA2255D"	"No RNA BAM"	"No Validable"
"PTPN11"	"chr12,112489084,G,T"	"2047_BA2634"	"2047"	"BA2634D"	"BA2634R"	"Validable"
"PTPN11"	"chr12,112489084,G,T"	"2539_BA2814"	"2539"	"BA2814D"	"BA2814R"	"Validable"
"KRAS"	"chr12,25245347,C,T"	"2517_BA2497"	"2517"	"BA2497D"	"BA2497R"	"Validable"
"KRAS"	"chr12,25245347,C,T"	"2346_BA2709"	"2346"	"BA2709D"	"BA2709R"	"Validable"
"KRAS"	"chr12,25245347,C,T"	"2258_BA2777"	"2258"	"BA2777D"	"No RNA BAM"	"No Validable"
"FLT3"	"chr13,28018485,G,T"	"2287_BA2661"	"2287"	"BA2661D"	"No RNA BAM"	"No Validable"
"FLT3"	"chr13,28018485,G,T"	"2224_BA2987"	"2224"	"BA2987D"	"No RNA BAM"	"No Validable"
"FLT3"	"chr13,28018485,G,T"	"2344_BA3001"	"2344"	"BA3001D"	"BA3001R"	"Validable"
"NF1"	"chr17,31338092,C,T"	"2225_BA2206"	"2225"	"BA2206D"	"No RNA BAM"	"No Validable"
"TP53"	"chr17,7674872,T,C"	"2544_BA2273"	"2544"	"BA2273D"	"BA2273R"	"Validable"
"TP53"	"chr17,7674872,T,C"	"2544_BA2490"	"2544"	"BA2490D"	"No RNA BAM"	"No Validable"
"TP53"	"chr17,7674872,T,C"	"2311_BA2945"	"2311"	"BA2945D"	"No RNA BAM"	"No Validable"
"TP53"	"chr17,7674872,T,C"	"2183_BA3040"	"2183"	"BA3040D"	"BA3040R"	"Validable"
"TP53"	"chr17,7675217,T,C"	"2129_BA2163"	"2129"	"BA2163D"	"BA2163R"	"Validable"
"CREBBP"	"chr17,7675238,T,C"	"2129_BA2163"	"2129"	"BA2163D"	"BA2163R"	"Validable"
"IDH1"	"chr2,208248389,G,A"	"2167_BA2016"	"2167"	"BA2016D"	"No RNA BAM"	"No Validable"
"IDH1"	"chr2,208248389,G,A"	"2265_BA2046"	"2265"	"BA2046D"	"BA2046R"	"Validable"
"IDH1"	"chr2,208248389,G,A"	"2042_BA2073"	"2042"	"BA2073D"	"No RNA BAM"	"No Validable"
"IDH1"	"chr2,208248389,G,A"	"2169_BA2086"	"2169"	"BA2086D"	"No RNA BAM"	"No Validable"
"IDH1"	"chr2,208248389,G,A"	"2147_BA2181"	"2147"	"BA2181D"	"No RNA BAM"	"No Validable"
"IDH1"	"chr2,208248389,G,A"	"2225_BA2206"	"2225"	"BA2206D"	"No RNA BAM"	"No Validable"
"IDH1"	"chr2,208248389,G,A"	"2544_BA2273"	"2544"	"BA2273D"	"BA2273R"	"Validable"
"IDH1"	"chr2,208248389,G,A"	"2336_BA2302"	"2336"	"BA2302D"	"BA2302R"	"Validable"
"IDH1"	"chr2,208248389,G,A"	"2089_BA2330"	"2089"	"BA2330D"	"No RNA BAM"	"No Validable"
"IDH1"	"chr2,208248389,G,A"	"2336_BA2343"	"2336"	"BA2343D"	"No RNA BAM"	"No Validable"
"IDH1"	"chr2,208248389,G,A"	"2571_BA2366"	"2571"	"BA2366D"	"No RNA BAM"	"No Validable"
"IDH1"	"chr2,208248389,G,A"	"2454_BA2387"	"2454"	"BA2387D"	"BA2387R"	"Validable"
"IDH1"	"chr2,208248389,G,A"	"2195_BA2421"	"2195"	"BA2421D"	"BA2421R"	"Validable"
"IDH1"	"chr2,208248389,G,A"	"2350_BA2459"	"2350"	"BA2459D"	"BA2459R"	"Validable"
"IDH1"	"chr2,208248389,G,A"	"2225_BA2523"	"2225"	"BA2523D"	"BA2523R"	"Validable"
"IDH1"	"chr2,208248389,G,A"	"2024_BA2606"	"2024"	"BA2606D"	"No RNA BAM"	"No Validable"
"IDH1"	"chr2,208248389,G,A"	"2430_BA2652"	"2430"	"BA2652D"	"No RNA BAM"	"No Validable"
"IDH1"	"chr2,208248389,G,A"	"2169_BA2756"	"2169"	"BA2756D"	"BA2756R"	"Validable"
"IDH1"	"chr2,208248389,G,A"	"2395_BA2798"	"2395"	"BA2798D"	"BA2798R"	"Validable"
"IDH1"	"chr2,208248389,G,A"	"2395_BA2883"	"2395"	"BA2883D"	"BA2883R"	"Validable"
"IDH1"	"chr2,208248389,G,A"	"2007_BA2918"	"2007"	"BA2918D"	"No RNA BAM"	"No Validable"
"IDH1"	"chr2,208248389,G,A"	"2185_BA2926"	"2185"	"BA2926D"	"BA2926R"	"Validable"
"IDH1"	"chr2,208248389,G,A"	"2027_BA2936"	"2027"	"BA2936D"	"No RNA BAM"	"No Validable"
"IDH1"	"chr2,208248389,G,T"	"2384_BA2763"	"2384"	"BA2763D"	"No RNA BAM"	"No Validable"
"TET2"	"chr4,105237352,G,A"	"2224_BA2987"	"2224"	"BA2987D"	"No RNA BAM"	"No Validable"
"TET2"	"chr4,105259774,G,A"	"2456_BA2670"	"2456"	"BA2670D"	"BA2670R"	"Validable"
"STAG2"	"chrX,124056127,G,A"	"2406_BA2753"	"2406"	"BA2753D"	"No RNA BAM"	"No Validable"
